movie_id,name,year,rating,directors_count,writers_count,actors_count,total_persons
0,周处除三害,0,8.1,1,0,39,40
1,毕正明的证明,0,7.2,1,0,16,17
2,捕风追影,0,8.1,1,0,11,12
3,好东西,0,8.9,1,0,14,15
4,流浪地球2,0,8.3,1,0,48,49
5,抓娃娃,0,7.1,2,0,48,50
6,年会不能停！,0,8.1,1,0,27,28
7,飞驰人生2,0,7.6,1,0,19,20
8,满江红,0,7.0,1,0,20,21
9,出走的决心,0,8.8,1,0,10,11
10,聊斋：兰若寺,0,6.7,6,0,13,19
11,蛟龙行动,0,6.2,1,0,22,23
12,扬名立万,0,7.4,1,0,14,15
13,爱情神话,0,8.1,1,0,19,20
14,独行月球,0,6.6,1,0,24,25
15,酱园弄·悬案,0,5.6,1,0,23,24
16,走走停停,0,8.0,1,0,14,15
17,刺杀小说家,0,6.5,1,0,38,39
18,青蛇,0,8.6,1,0,7,8
19,误杀2,0,5.7,1,0,13,14
20,无名之辈：否极泰来,0,5.6,1,0,12,13
21,从21世纪安全撤离,0,7.3,1,0,12,13
22,河边的错误,0,7.2,1,0,15,16
23,九龙城寨之围城,0,7.2,1,0,13,14
24,坚如磐石,0,6.0,1,0,18,19
25,向阳·花,0,6.2,1,0,16,17
26,末路狂花钱,0,5.3,1,0,26,27
27,新神榜：杨戬,0,7.0,1,0,22,23
28,乔妍的心事,0,5.3,1,0,16,17
29,刺猬,0,7.3,1,0,21,22
30,解密,0,6.0,1,0,24,25
31,你的婚礼,0,4.7,1,0,8,9
32,想见你,0,6.2,1,0,7,8
33,象山发光事件,0,5.7,1,0,9,10
34,大场面,0,6.1,1,0,13,14
35,前任4：英年早婚,0,5.5,1,0,14,15
36,这么多年,0,6.4,1,0,12,13
37,交换人生,0,5.0,1,0,20,21
38,白日之下,0,7.8,1,0,21,22
39,浪浪山小妖怪,0,8.5,1,0,14,15
40,奇遇,0,7.0,1,0,19,20
41,狂野时代,0,6.5,1,0,10,11
42,南京照相馆,0,8.8,1,0,10,11
43,长安的荔枝,0,7.5,1,0,44,45
44,左撇子女孩,0,7.0,1,0,20,21
45,消失的她,0,6.2,2,0,13,15
46,长津湖,0,7.4,3,0,27,30
47,破·地狱,0,8.3,1,0,11,12
48,人生大事,0,7.3,1,0,13,14
49,宇宙探索编辑部,0,8.0,1,0,28,29
50,三大队,0,7.6,1,0,30,31
51,我们一起摇太阳,0,8.0,1,0,12,13
52,悬崖之上,0,7.3,1,0,13,14
53,射雕英雄传：侠之大者,0,5.2,1,0,24,25
54,雄狮少年,0,8.3,1,0,12,13
55,保你平安,0,7.6,1,0,32,33
56,误杀3,0,6.0,1,0,15,16
57,无名,0,6.6,1,0,21,22
58,三滴血,0,6.3,1,0,16,17
59,逆行人生,0,6.6,1,0,19,20
60,食神,0,8.2,2,0,15,17
61,人生路不熟,0,5.8,1,0,21,22
62,志愿军：浴血和平,0,7.1,1,0,30,31
63,神雕侠侣：问世间,0,4.6,1,0,11,12
64,7天,0,5.9,1,0,9,10
65,浪浪人生,0,6.1,1,0,18,19
66,猎金·游戏,0,5.3,1,0,15,16
67,不说话的爱,0,6.9,1,0,8,9
68,维和防暴队,0,5.3,1,0,20,21
69,临时决斗,0,6.2,1,0,17,18
70,女孩,0,7.2,1,0,12,13
71,超能一家人,0,3.7,1,0,12,13
72,谈判专家,0,7.2,1,0,17,18
73,我才不要和你做朋友呢,0,5.9,1,0,13,14
74,灿烂的她,0,5.9,1,0,15,16
75,念念相忘,0,5.9,1,0,8,9
76,燃冬,0,5.5,1,0,5,6
77,红毯先生,0,6.5,1,0,15,16
78,非诚勿扰3,0,5.4,1,0,15,16
79,爱很美味,0,7.1,2,0,21,23
80,没有一顿火锅解决不了的事,0,4.8,1,0,15,16
81,人潮汹涌,0,6.5,1,0,21,22
82,穿过寒冬拥抱你,0,5.5,1,0,17,18
83,神探大战,0,6.7,1,0,18,19
84,好像也没那么热血沸腾,0,6.7,1,0,17,18
85,穿过月亮的旅行,0,6.2,1,0,26,27
86,异人之下,0,5.1,2,0,23,25
87,喜羊羊与灰太狼之筐出未来,0,6.7,1,0,7,8
88,孤星计划,0,5.9,1,0,34,35
89,乘船而去,0,8.1,1,0,11,12
90,画江湖之天罡,0,8.2,2,0,20,22
91,五个扑水的少年,0,7.2,1,0,21,22
92,熊猫计划,0,5.5,1,0,13,14
93,绝望主夫,0,4.4,1,0,18,19
94,椒麻堂会,0,8.5,1,0,7,8
95,我经过风暴,0,6.5,1,0,13,14
96,熊出没·重启未来,0,7.1,2,0,4,6
97,门锁,0,4.3,1,0,13,14
98,超越,0,5.0,1,0,8,9
99,苍茫的天涯是我的爱,0,4.9,1,0,26,27
100,最后的真相,0,5.9,1,0,6,7
101,山忌 黄衣小飞侠,0,4.5,1,0,5,6
102,秘密访客,0,5.3,1,0,9,10
103,平凡英雄,0,6.3,1,0,38,39
104,兔子暴力,0,5.8,1,0,16,17
105,大“反”派,0,4.2,1,0,23,24
106,当男人恋爱时,0,6.3,1,0,17,18
107,传说,0,4.3,1,0,18,19
108,了不起的夜晚,0,5.5,1,0,11,12
109,第十一回,0,7.2,1,0,15,16
110,东北警察故事2,0,7.2,2,0,11,13
111,三国的星空第一部,0,7.2,2,0,17,19
112,以年为单位的恋爱,0,5.2,1,0,14,15
113,吉祥如意,0,7.6,1,0,5,6
114,熊出没·伴我“熊芯”,0,7.2,2,0,9,11
115,那个不为人知的故事,0,4.7,1,0,12,13
116,瀑布,0,7.7,1,0,16,17
117,虎毒不,0,7.6,1,0,8,9
118,银河写手,0,6.4,2,0,12,14
119,扫黑行动,0,3.7,1,0,23,24
120,伞少女,0,6.4,1,0,18,19
121,请别相信她,0,5.0,1,0,20,21
122,检察风云,0,4.3,1,0,25,26
123,大红包,0,4.6,1,0,13,14
124,一周的朋友,0,4.7,1,0,6,7
125,星月童话,0,8.2,1,0,9,10
126,流浪地球,0,9.7,1,0,28,29
127,我不是药神,0,9.6,1,0,19,20
128,让子弹飞,0,9.6,1,0,22,23
129,霸王别姬,0,9.6,1,0,19,20
130,哪吒之魔童降世,0,9.5,1,0,7,8
131,无名之辈,0,9.5,1,0,17,18
132,一出好戏,0,9.5,1,0,14,15
133,西虹市首富,0,9.5,2,0,28,30
134,红海行动,0,9.5,1,0,12,13
135,战狼2,0,9.5,1,0,30,31
136,大话西游之大圣娶亲,0,9.5,1,0,10,11
137,大话西游之月光宝盒,0,9.5,1,0,10,11
138,飞驰人生,0,9.4,1,0,19,20
139,无双,0,9.4,1,0,14,15
140,唐人街探案2,0,6.6,1,0,16,17
141,芳华,0,9.4,1,0,12,13
142,羞羞的铁拳,0,9.4,2,0,9,11
143,驴得水,0,9.4,2,0,12,14
144,湄公河行动,0,9.4,1,0,20,21
145,老炮儿,0,9.4,1,0,27,28
146,夏洛特烦恼,0,9.4,2,0,30,32
147,人再囧途之泰囧,0,9.4,1,0,6,7
148,疯狂的外星人,0,9.3,1,0,14,15
149,影,0,7.2,1,0,9,10
150,邪不压正,0,9.3,1,0,11,12
151,七月与安生,0,9.3,1,0,10,11
152,寻龙诀,0,9.3,1,0,11,12
153,后会无期,0,9.3,1,0,10,11
154,北京遇上西雅图,0,9.3,1,0,9,10
155,西游降魔篇,0,9.3,2,0,19,21
156,人在囧途,0,9.3,1,0,9,10
157,疯狂的石头,0,9.3,1,0,8,9
158,活着,0,9.3,1,0,15,16
159,白蛇：缘起,0,9.2,2,0,14,16
160,动物世界,0,9.2,1,0,6,7
161,超时空同居,0,9.2,1,0,14,15
162,大鱼海棠,0,9.2,2,0,15,17
163,烈日灼心,0,9.2,1,0,8,9
164,捉妖记,0,9.2,1,0,16,17
165,心花路放,0,9.2,1,0,20,21
166,亲爱的,0,9.2,1,0,12,13
167,无人区,0,9.2,1,0,12,13
168,致我们终将逝去的青春,0,9.2,1,0,22,23
169,一代宗师,0,9.2,1,0,18,19
170,岁月神偷,0,9.2,1,0,20,21
171,风声,0,9.2,2,0,17,19
172,色，戒,0,9.2,1,0,21,22
173,鬼子来了,0,9.2,1,0,19,20
174,阳光灿烂的日子,0,9.2,1,0,30,31
175,新喜剧之王,0,9.1,1,0,10,11
176,新喜剧之王,0,9.1,1,0,10,11
177,狗十三,0,9.1,1,0,8,9
178,暴裂无声,0,9.1,1,0,7,8
179,绣春刀II：修罗战场,0,9.1,1,0,20,21
180,西游伏妖篇,0,9.1,1,0,11,12
181,长城,0,4.9,1,0,20,21
182,解救吾先生,0,9.1,1,0,10,11
183,港囧,0,9.1,1,0,25,26
184,滚蛋吧！肿瘤君,0,9.1,1,0,9,10
185,重返20岁,0,9.1,1,0,12,13
186,智取威虎山,0,9.1,1,0,19,20
187,绣春刀,0,9.1,1,0,11,12
188,催眠大师,0,9.1,1,0,6,7
189,小时代,0,5.0,1,0,13,14
190,唐山大地震,0,9.1,1,0,15,16
191,非诚勿扰,0,7.3,1,0,13,14
192,宝贝计划,0,9.1,1,0,11,12
193,天下无贼,0,9.1,1,0,12,13
194,风中有朵雨做的云,0,9.0,1,0,15,16
195,李茶的姑妈,0,9.0,1,0,29,30
196,快把我哥带走,0,9.0,1,0,8,9
197,后来的我们,0,9.0,1,0,10,11
198,捉妖记2,0,9.0,1,0,23,24
199,追龙,0,9.0,2,0,13,15
200,缝纫机乐队,0,9.0,1,0,25,26
201,大护法,0,9.0,1,0,12,13
202,记忆大师,0,9.0,1,0,12,13
203,喜欢你,0,9.0,1,0,10,11
204,从你的全世界路过,0,5.3,1,0,19,20
205,火锅英雄,0,9.0,1,0,14,15
206,心迷宫,0,9.0,1,0,18,19
207,一步之遥,0,9.0,1,0,12,13
208,分手大师,0,5.2,2,0,11,13
209,归来,0,8.1,1,0,11,12
210,白日焰火,0,9.0,1,0,14,15
211,私人订制,0,9.0,1,0,15,16
212,十二生肖,0,9.0,1,0,15,16
213,寒战,0,9.0,2,0,17,19
214,搜索,0,9.0,1,0,14,15
215,钢的琴,0,9.0,1,0,15,16
216,非诚勿扰2,0,6.6,1,0,15,16
217,山楂树之恋,0,7.2,1,0,19,20
218,全城热恋,0,9.0,2,0,16,18
219,十月围城,0,9.0,1,0,17,18
220,疯狂的赛车,0,9.0,1,0,16,17
221,叶问,0,9.0,1,0,9,10
222,长江七号,0,9.0,1,0,10,11
223,少林足球,0,9.0,1,0,14,15
224,江湖儿女,0,8.9,1,0,17,18
225,狄仁杰之四大天王,0,6.1,1,0,15,16
226,悟空传,0,8.9,1,0,12,13
227,嫌疑人X的献身,0,8.9,1,0,14,15
228,摆渡人,0,4.1,1,0,21,22
229,我不是潘金莲,0,8.9,1,0,14,15
230,寒战2,0,8.9,2,0,15,17
231,北京遇上西雅图之不二情书,0,8.9,1,0,16,17
232,十二公民,0,8.9,1,0,12,13
233,战狼,0,8.9,1,0,15,16
234,匆匆那年,0,8.9,1,0,10,11
235,同桌的妳,0,8.9,1,0,24,25
236,全民目击,0,8.9,1,0,12,13
237,厨子戏子痞子,0,8.9,1,0,8,9
238,一九四二,0,8.9,1,0,18,19
239,画皮2,0,8.9,1,0,8,9
240,龙门飞甲,0,8.9,1,0,30,31
241,窃听风云2,0,8.9,2,0,16,18
242,将爱情进行到底,0,7.9,1,0,13,14
243,狄仁杰之通天帝国,0,6.7,1,0,20,21
244,杜拉拉升职记,0,8.9,1,0,7,8
245,窃听风云,0,8.9,2,0,8,10
246,李米的猜想,0,8.9,1,0,9,10
247,新警察故事,0,8.9,1,0,13,14
248,无间道3：终极无间,0,8.9,2,0,14,16
249,英雄,0,7.7,1,0,6,7
250,甲方乙方,0,8.9,1,0,18,19
251,地球最后的夜晚,0,8.8,1,0,12,13
252,找到你,0,8.8,1,0,8,9
253,悲伤逆流成河,0,8.8,1,0,5,6
254,嘉年华,0,8.8,1,0,10,11
255,三生三世十里桃花,0,8.8,2,0,11,13
256,闪光少女,0,8.8,1,0,15,16
257,追凶者也,0,8.8,1,0,30,31
258,使徒行者,0,8.8,1,0,10,11
259,盗墓笔记,0,4.8,1,0,9,10
260,百鸟朝凤,0,8.8,1,0,14,15
261,万万没想到,0,8.8,1,0,19,20
262,山河故人,0,8.8,1,0,9,10
263,九层妖塔,0,8.8,1,0,10,11
264,刺客聂隐娘,0,8.8,1,0,14,15
265,道士下山,0,8.8,1,0,15,16
266,左耳,0,8.8,1,0,12,13
267,狼图腾,0,8.8,1,0,6,7
268,撒娇女人最好命,0,8.8,1,0,5,6
269,小时代3：刺金时代,0,4.8,1,0,13,14
270,前任攻略,0,8.8,1,0,12,13
271,扫毒,0,8.8,1,0,16,17
272,狄仁杰之神都龙王,0,6.5,1,0,17,18
273,小时代2：青木时代,0,5.1,1,0,14,15
274,盲探,0,7.2,1,0,10,11
275,101次求婚,0,8.8,1,0,6,7
276,听风者,0,8.8,2,0,7,9
277,黄金大劫案,0,8.8,1,0,13,14
278,观音山,0,8.8,1,0,30,31
279,武林外传,0,8.8,1,0,10,11
280,叶问2：宗师传奇,0,8.8,1,0,13,14
281,非常完美,0,8.8,1,0,7,8
282,赤壁(上),0,8.8,1,0,16,17
283,集结号,0,8.8,1,0,13,14
284,太阳照常升起,0,8.8,1,0,8,9
285,满城尽带黄金甲,0,5.9,1,0,10,11
286,无极,0,8.8,1,0,7,8
287,如果·爱,0,8.8,2,0,9,11
288,神话,0,8.8,1,0,8,9
289,独自等待,0,8.8,1,0,15,16
290,可可西里,0,8.8,1,0,6,7
291,2046,0,8.8,1,0,12,13
292,河东狮吼,0,8.8,1,0,8,9
293,蓝宇,0,8.8,1,0,10,11
294,烈火英雄,0,8.7,1,0,13,14
295,地久天长,0,8.7,1,0,9,10
296,过春天,0,8.7,1,0,7,8
297,“大”人物,0,8.7,1,0,30,31
298,幕后玩家,0,8.7,1,0,10,11
299,相爱相亲,0,8.7,1,0,12,13
300,杀破狼·贪狼,0,8.7,1,0,12,13
301,功夫瑜伽,0,8.7,1,0,10,11
302,恶棍天使,0,4.5,2,0,11,13
303,杀破狼2,0,8.7,1,0,14,15
304,何以笙箫默,0,3.9,2,0,16,18
305,万物生长,0,8.7,1,0,12,13
306,澳门风云2,0,8.7,2,0,18,20
307,有一个地方只有我们知道,0,4.9,1,0,11,12
308,黄金时代,0,8.7,1,0,24,25
309,窃听风云3,0,8.7,2,0,18,20
310,北京爱情故事,0,8.7,1,0,13,14
311,澳门风云,0,8.7,2,0,12,14
312,被偷走的那五年,0,8.7,1,0,8,9
313,激战,0,8.7,1,0,10,11
314,天台爱情,0,8.7,1,0,17,18
315,不二神探,0,8.7,1,0,22,23
316,分手合约,0,8.7,1,0,4,5
317,万箭穿心,0,8.7,1,0,13,14
318,杀生,0,8.7,1,0,7,8
319,大魔术师,0,8.7,1,0,18,19
320,武侠,0,8.7,1,0,7,8
321,最爱,0,8.7,1,0,15,16
322,赵氏孤儿,0,8.7,1,0,10,11
323,剑雨,0,8.7,1,0,14,15
324,越光宝盒,0,5.4,1,0,30,31
325,大内密探灵灵狗,0,8.7,1,0,10,11
326,夜·店,0,8.7,1,0,6,7
327,南京！南京！,0,8.7,1,0,12,13
328,东邪西毒：终极版,0,8.7,1,0,9,10
329,保持通话,0,8.7,1,0,13,14
330,蓝莓之夜,0,8.7,1,0,9,10
331,投名状,0,8.7,1,0,17,18
332,爱情呼叫转移,0,8.7,1,0,14,15
333,夜宴,0,8.7,1,0,13,14
334,十面埋伏,0,6.4,1,0,9,10
335,手机,0,8.7,1,0,14,15
336,天下无双,0,8.7,1,0,13,14
337,大腕,0,8.7,1,0,20,21
338,苏州河,0,8.7,1,0,5,6
339,大红灯笼高高挂,0,8.8,1,0,9,10
340,红高粱,0,8.7,1,0,6,7
341,扫毒2天地对决,0,8.6,1,0,18,19
342,风语咒,0,8.6,1,0,18,19
343,西游记女儿国,0,8.6,1,0,13,14
344,二代妖精之今生有幸,0,8.6,1,0,13,14
345,解忧杂货店,0,8.6,1,0,15,16
346,妖铃铃,0,8.6,1,0,15,16
347,心理罪之城市之光,0,8.6,1,0,7,8
348,奇门遁甲,0,8.6,1,0,11,12
349,暴雪将至,0,8.6,1,0,6,7
350,冈仁波齐,0,8.6,1,0,12,13
351,情圣,0,8.6,2,0,19,21
352,爵迹,0,3.8,1,0,12,13
353,微微一笑很倾城,0,8.6,1,0,29,30
354,路边野餐,0,8.6,1,0,15,16
355,致青春·原来你还在这里,0,8.6,1,0,8,9
356,叶问3,0,8.6,1,0,17,18
357,澳门风云3,0,8.6,2,0,15,17
358,一个勺子,0,8.6,1,0,4,5
359,我是证人,0,6.4,1,0,8,9
360,破风,0,8.6,1,0,7,8
361,栀子花开,0,8.6,1,0,28,29
362,我是路人甲,0,8.6,1,0,30,31
363,推拿,0,8.6,1,0,9,10
364,老男孩猛龙过江,0,8.6,1,0,5,6
365,西游记之大闹天宫,0,8.6,1,0,17,18
366,一夜惊喜,0,8.6,1,0,11,12
367,青春派,0,8.6,1,0,13,14
368,天机·富春山居图,0,8.6,1,0,10,11
369,浮城谜事,0,8.6,1,0,7,8
370,二次曝光,0,8.6,1,0,8,9
371,白鹿原,0,8.6,1,0,7,8
372,消失的子弹,0,8.6,1,0,10,11
373,我愿意,0,8.6,1,0,5,6
374,星空,0,8.6,1,0,6,7
375,画壁,0,8.6,1,0,14,15
376,白蛇传说,0,8.6,1,0,12,13
377,全球热恋,0,8.6,2,0,9,11
378,不再让你孤单,0,8.6,1,0,9,10
379,倩女幽魂,0,8.6,1,0,9,10
380,新少林寺,0,8.6,1,0,12,13
381,线人,0,8.6,1,0,10,11
382,恋爱通告,0,8.6,1,0,9,10
383,枪王之王,0,8.6,1,0,9,10
384,海洋天堂,0,8.6,1,0,10,11
385,大兵小将,0,8.6,1,0,12,13
386,锦衣卫,0,8.6,1,0,10,11
387,斗牛,0,8.6,1,0,8,9
388,赤壁(下),0,8.6,1,0,13,14
389,梅兰芳,0,8.6,1,0,22,23
390,女人不坏,0,8.6,1,0,11,12
391,十全九美,0,8.6,1,0,8,9
392,大灌篮,0,8.6,1,0,12,13
393,盲山,0,8.6,1,0,6,7
394,云水谣,0,8.6,1,0,8,9
395,情癫大圣,0,5.5,1,0,12,13
396,一个陌生女人的来信,0,8.6,1,0,8,9
397,十七岁的单车,0,8.6,1,0,21,22
398,一个都不能少,0,7.8,1,0,16,17
399,宝莲灯,0,8.6,1,0,12,13
400,不见不散,0,8.6,1,0,2,3
401,有话好好说,0,8.6,1,0,19,20
402,追龙Ⅱ,0,8.5,2,0,14,16
403,四个春天,0,8.5,1,0,5,6
404,大象席地而坐,0,8.5,1,0,11,12
405,灵魂摆渡·黄泉,0,8.5,1,0,7,8
406,南极之恋,0,8.5,1,0,2,3
407,纯洁心灵·逐梦演艺圈,0,2.2,1,0,19,20
408,拆弹专家,0,8.5,1,0,17,18
409,健忘村,0,8.5,1,0,12,13
410,大闹天竺,0,8.5,1,0,11,12
411,铁道飞虎,0,8.5,1,0,17,18
412,28岁未成年,0,8.5,1,0,11,12
413,绝地逃亡,0,8.5,1,0,15,16
414,陆垚知马俐,0,8.5,1,0,15,16
415,三人行,0,5.9,1,0,20,21
416,陪安东尼度过漫长岁月,0,8.5,1,0,12,13
417,前任2：备胎反击战,0,8.5,1,0,5,6
418,咱们结婚吧,0,8.5,1,0,20,21
419,失孤,0,8.5,1,0,8,9
420,天将雄师,0,8.5,1,0,16,17
421,十万个冷笑话,0,8.5,2,0,8,10
422,我的早更女友,0,8.5,1,0,10,11
423,太平轮(上),0,8.5,1,0,24,25
424,单身男女2,0,5.9,1,0,6,7
425,一生一世,0,8.5,1,0,14,15
426,闺蜜,0,8.5,1,0,6,7
427,京城81号,0,8.5,1,0,12,13
428,整容日记,0,8.5,1,0,9,10
429,爸爸去哪儿,0,8.5,2,0,12,14
430,警察故事2013,0,8.5,1,0,12,13
431,我想和你好好的,0,8.5,1,0,7,8
432,太极1：从零开始,0,8.5,1,0,16,17
433,边境风云,0,8.5,1,0,7,8
434,麦兜·当当伴我心,0,8.5,1,0,5,6
435,痞子英雄之全面开战,0,8.5,1,0,10,11
436,鸿门宴传奇,0,8.5,1,0,18,19
437,转山,0,8.5,1,0,4,5
438,关云长,0,8.5,2,0,11,13
439,万有引力,0,8.5,1,0,8,9
440,大笑江湖,0,8.5,1,0,14,15
441,三枪拍案惊奇,0,4.8,1,0,7,8
442,麦兜响当当,0,8.5,1,0,10,11
443,爱情呼叫转移Ⅱ：爱情左右,0,8.5,1,0,19,20
444,证人,0,8.5,1,0,6,7
445,立春,0,8.5,1,0,6,7
446,导火线,0,8.5,1,0,14,15
447,苹果,0,8.5,1,0,5,6
448,伤城,0,8.5,2,0,10,12
449,三峡好人,0,8.5,1,0,30,31
450,看上去很美,0,8.5,1,0,4,5
451,孔雀,0,8.5,1,0,7,8
452,我的父亲母亲,0,8.5,1,0,6,7
453,小武,0,8.5,1,0,3,4
454,黄飞鸿之三：狮王争霸,0,8.5,1,0,8,9
455,最好的我们,0,8.4,1,0,14,15
456,一吻定情,0,8.4,1,0,8,9
457,廉政风云,0,8.4,1,0,11,12
458,天气预爆,0,8.4,1,0,8,9
459,胖子行动队,0,8.4,1,0,13,14
460,不成问题的问题,0,8.4,1,0,11,12
461,十万个冷笑话2,0,8.4,2,0,10,12
462,绝世高手,0,8.4,1,0,15,16
463,明月几时有,0,8.4,1,0,28,29
464,你好，疯子！,0,8.4,1,0,8,9
465,三少爷的剑,0,8.4,1,0,30,31
466,夏有乔木 雅望天堂,0,8.4,1,0,6,7
467,惊天大逆转,0,8.4,1,0,4,5
468,一念天堂,0,8.4,1,0,9,10
469,怦然星动,0,8.4,1,0,7,8
470,剩者为王,0,8.4,1,0,7,8
471,新娘大作战,0,8.4,1,0,12,13
472,少年班,0,8.4,1,0,9,10
473,钟馗伏魔：雪妖魔灵,0,8.4,2,0,6,8
474,一个人的武林,0,8.4,1,0,21,22
475,白发魔女传之明月天国,0,8.4,1,0,11,12
476,人间·小团圆,0,8.4,1,0,12,13
477,特殊身份,0,8.4,1,0,12,13
478,大上海,0,8.4,1,0,13,14
479,危险关系,0,8.4,1,0,6,7
480,第一次,0,8.4,1,0,9,10
481,大追捕,0,8.4,1,0,14,15
482,逆战,0,8.4,1,0,12,13
483,亲密敌人,0,8.4,1,0,13,14
484,幸福额度,0,8.4,1,0,5,6
485,雪花秘扇,0,8.4,1,0,9,10
486,我知女人心,0,8.4,1,0,12,13
487,最强囍事,0,8.4,2,0,11,13
488,精武风云·陈真,0,8.4,1,0,11,12
489,无人驾驶,0,8.4,1,0,13,14
490,80'后,0,8.4,1,0,10,11
491,花田喜事2010,0,8.4,2,0,9,11
492,孔子,0,8.4,1,0,16,17
493,刺陵,0,8.4,1,0,10,11
494,窈窕绅士,0,8.4,1,0,5,6
495,爱有来生,0,8.4,1,0,5,6
496,春风沉醉的夜晚,0,8.4,1,0,6,7
497,桃花运,0,8.4,1,0,17,18
498,三国之见龙卸甲,0,8.4,1,0,12,13
499,双食记,0,8.4,1,0,4,5
500,男儿本色,0,8.4,1,0,6,7
501,落叶归根,0,8.4,1,0,11,12
502,墨攻,0,8.4,1,0,11,12
503,东京审判,0,8.4,1,0,7,8
504,龙虎门,0,8.4,1,0,12,13
505,千机变Ⅱ花都大战,0,8.4,2,0,14,16
506,寻枪,0,8.4,1,0,6,7
507,蜀山传,0,8.4,1,0,10,11
508,没完没了,0,8.4,1,0,15,16
509,秋菊打官司,0,8.4,1,0,11,12
510,芙蓉镇,0,8.4,1,0,7,8
511,送我上青云,0,8.3,1,0,6,7
512,一条狗的使命2,0,8.3,1,0,12,13
513,沉默的证人,0,8.3,1,0,12,13
514,神探蒲松龄,0,8.3,1,0,12,13
515,昨日青空,0,8.3,1,0,5,6
516,黄金兄弟,0,8.3,1,0,9,10
517,欧洲攻略,0,8.3,1,0,16,17
518,龙虾刑警,0,8.3,1,0,7,8
519,21克拉,0,8.3,1,0,9,10
520,空天猎,0,8.3,1,0,13,14
521,破·局,0,8.3,1,0,6,7
522,侠盗联盟,0,8.3,1,0,9,10
523,逆时营救,0,8.3,1,0,6,7
524,“吃吃”的爱,0,8.3,1,0,24,25
525,傲娇与偏见,0,8.3,2,0,10,12
526,封神传奇,0,8.3,1,0,12,13
527,箭士柳白猿,0,8.3,1,0,7,8
528,第三种爱情,0,8.3,1,0,5,6
529,华丽上班族,0,6.0,1,0,12,13
530,命中注定,0,8.3,1,0,6,7
531,闯入者,0,8.3,1,0,10,11
532,冲上云霄,0,8.3,2,0,13,15
533,有种你爱我,0,8.3,1,0,12,13
534,奔跑吧！兄弟,0,8.3,2,0,11,13
535,露水红颜,0,8.3,1,0,10,11
536,痞子英雄2：黎明升起,0,8.3,1,0,10,11
537,军中乐园,0,8.3,1,0,11,12
538,四大名捕大结局,0,8.3,2,0,17,19
539,魔警,0,8.3,1,0,10,11
540,救火英雄,0,8.3,1,0,18,19
541,四大名捕2,0,8.3,2,0,30,32
542,大明劫,0,8.3,1,0,9,10
543,非常幸运,0,8.3,1,0,12,13
544,宫锁沉香,0,8.3,1,0,14,15
545,血滴子,0,8.3,1,0,13,14
546,太极2：英雄崛起,0,8.3,1,0,19,20
547,铜雀台,0,8.3,1,0,25,26
548,搞定岳父大人,0,8.3,1,0,4,5
549,我11,0,8.3,1,0,10,11
550,飞越老人院,0,8.3,1,0,30,31
551,孙子从美国来,0,8.3,1,0,3,4
552,倾城之泪,0,8.3,1,0,6,7
553,东成西就2011,0,4.0,1,0,17,18
554,夏日乐悠悠,0,8.3,1,0,5,6
555,大武生,0,8.3,1,0,8,9
556,魁拔之十万火急,0,8.3,1,0,11,12
557,财神客栈,0,8.3,1,0,9,10
558,假装情侣,0,8.3,1,0,4,5
559,隐婚男女,0,8.3,1,0,7,8
560,神奇侠侣,0,8.3,1,0,8,9
561,爱出色,0,8.3,1,0,13,14
562,决战刹马镇,0,8.3,1,0,8,9
563,我们天上见,0,8.3,1,0,6,7
564,美丽密令,0,8.3,1,0,8,9
565,苏乞儿,0,8.3,1,0,15,16
566,金钱帝国,0,8.3,1,0,10,11
567,硬汉,0,8.3,1,0,7,8
568,即日启程,0,8.3,1,0,3,4
569,命运呼叫转移,0,8.3,4,0,15,19
570,合约情人,0,8.3,1,0,9,10
571,姨妈的后现代生活,0,8.3,1,0,14,15
572,茉莉花开,0,8.3,1,0,5,6
573,千里走单骑,0,7.4,1,0,5,6
574,七剑,0,8.3,1,0,14,15
575,大块头有大智慧,0,6.9,2,0,7,9
576,老鼠爱上猫,0,8.3,1,0,9,10
577,百年好合,0,6.2,2,0,8,10
578,芭啦芭啦樱之花,0,8.3,1,0,5,6
579,紫日,0,8.3,1,0,25,26
580,站台,0,8.3,1,0,5,6
581,红河谷,0,8.3,1,0,4,5
582,洗澡,0,8.3,1,0,15,16
583,中华英雄,0,8.3,1,0,14,15
584,风云雄霸天下,0,8.3,1,0,19,20
585,半生缘,0,8.3,1,0,17,18
586,夜半歌声,0,8.3,1,0,9,10
587,新天龙八部之天山童姥,0,8.3,1,0,6,7
588,少林寺,0,8.3,1,0,19,20
589,雪暴,0,8.2,1,0,9,10
590,撞死了一只羊,0,8.2,1,0,3,4
591,云南虫谷,0,8.2,1,0,6,7
592,叶问外传：张天志,0,8.2,1,0,12,13
593,宝贝儿,0,8.2,1,0,3,4
594,猛虫过江,0,8.2,1,0,19,20
595,英雄本色2018,0,8.2,1,0,14,15
596,机器之血,0,8.2,1,0,7,8
597,七十七天,0,8.2,1,0,2,3
598,鲛珠传,0,8.2,1,0,13,14
599,原谅他77次,0,8.2,1,0,19,20
600,绑架者,0,8.2,2,0,7,9
601,八月,0,8.2,1,0,3,4
602,捉迷藏,0,8.2,1,0,5,6
603,王牌逗王牌,0,8.2,1,0,12,13
604,中邪,0,8.2,1,0,10,11
605,六弄咖啡馆,0,8.2,1,0,7,8
606,赏金猎人,0,8.2,1,0,7,8
607,我不是王毛,0,8.2,1,0,12,13
608,卧虎藏龙：青冥宝剑,0,8.2,1,0,13,14
609,极限挑战之皇家宝藏,0,8.2,2,0,8,10
610,小门神,0,8.2,1,0,22,23
611,杜拉拉追婚记,0,8.2,1,0,8,9
612,坏蛋必须死,0,8.2,1,0,9,10
613,恋爱中的城市,0,8.2,5,0,11,16
614,王朝的女人·杨贵妃,0,8.2,1,0,12,13
615,谜城,0,8.2,1,0,14,15
616,暴疯语,0,8.2,1,0,11,12
617,冲锋车,0,8.2,1,0,16,17
618,可爱的你,0,8.2,1,0,17,18
619,魁拔Ⅲ战神崛起,0,8.2,3,0,15,18
620,触不可及,0,8.2,1,0,12,13
621,临时同居,0,8.2,1,0,12,13
622,冰封：重生之门,0,8.2,1,0,18,19
623,逃出生天,0,8.2,2,0,15,17
624,摩登年代,0,8.2,1,0,8,9
625,魁拔之大战元泱界,0,8.2,1,0,7,8
626,圣诞玫瑰,0,8.2,1,0,10,11
627,神探亨特张,0,8.2,1,0,20,21
628,饭局也疯狂,0,8.2,1,0,8,9
629,新天生一对,0,8.2,1,0,6,7
630,李献计历险记,0,8.2,2,0,11,13
631,辛亥革命,0,8.2,2,0,14,16
632,青春期,0,8.2,1,0,15,16
633,孤岛惊魂,0,8.2,1,0,10,11
634,战国,0,8.2,1,0,19,20
635,硬汉2：奉陪到底,0,8.2,1,0,4,5
636,西风烈,0,8.2,1,0,8,9
637,完美嫁衣,0,8.2,1,0,13,14
638,龙凤店,0,8.2,1,0,14,15
639,全城戒备,0,8.2,1,0,10,11
640,摇摆de婚约,0,8.2,2,0,7,9
641,倔强萝卜,0,8.2,1,0,8,9
642,白银帝国,0,8.2,1,0,10,11
643,机器侠,0,5.4,1,0,8,9
644,二十四城记,0,8.2,1,0,4,5
645,高兴,0,8.2,1,0,9,10
646,天堂口,0,8.2,1,0,9,10
647,每当变幻时,0,8.2,1,0,11,12
648,大电影,0,8.2,1,0,4,5
649,童梦奇缘,0,8.2,1,0,11,12
650,千杯不醉,0,8.2,1,0,16,17
651,青红,0,8.2,1,0,11,12
652,三岔口,0,8.2,1,0,15,16
653,恋爱地图,0,7.3,3,0,9,12
654,大事件,0,7.0,1,0,10,11
655,地下铁,0,8.2,1,0,13,14
656,绿茶,0,8.2,1,0,5,6
657,恋上你的床,0,8.2,2,0,10,12
658,巴尔扎克与小裁缝,0,8.2,1,0,8,9
659,和你在一起,0,8.2,1,0,7,8
660,冲出亚马逊,0,8.2,1,0,5,6
661,开往春天的地铁,0,7.0,1,0,6,7
662,决战紫禁之巅,0,8.2,1,0,13,14
663,背靠背，脸对脸,0,8.2,2,0,18,20
664,菊豆,0,8.2,2,0,6,8
665,大师兄,0,8.1,1,0,17,18
666,巨额来电,0,8.1,1,0,10,11
667,引爆者,0,8.1,1,0,7,8
668,追捕,0,8.1,1,0,17,18
669,密战,0,8.1,1,0,17,18
670,父子雄兵,0,8.1,1,0,9,10
671,京城81号2,0,8.1,1,0,12,13
672,李雷和韩梅梅,0,8.1,1,0,16,17
673,提着心吊着胆,0,8.1,1,0,9,10
674,决战食神,0,8.1,1,0,11,12
675,少年巴比伦,0,8.1,1,0,19,20
676,长江图,0,8.1,1,0,6,7
677,幸运是我,0,8.1,1,0,27,28
678,喊·山,0,8.1,1,0,9,10
679,所以……和黑粉结婚了,0,8.1,1,0,5,6
680,夜孔雀,0,8.1,1,0,4,5
681,梦想合伙人,0,8.1,1,0,15,16
682,奔爱,0,4.0,5,0,10,15
683,消失的凶手,0,8.1,1,0,7,8
684,宅女侦探桂香,0,8.1,1,0,7,8
685,男人不可以穷,0,8.1,1,0,19,20
686,秦时明月之龙腾万里,0,8.1,1,0,10,11
687,放手爱,0,8.1,1,0,8,9
688,大话天仙,0,3.4,1,0,14,15
689,一座城池,0,8.1,1,0,6,7
690,一场风花雪月的事,0,8.1,1,0,5,6
691,在一起,0,8.1,1,0,6,7
692,河东狮吼2,0,8.1,1,0,7,8
693,大武当之天地密码,0,8.1,1,0,7,8
694,车手,0,8.1,1,0,9,10
695,倭寇的踪迹,0,8.1,1,0,16,17
696,八星抱喜,0,8.1,2,0,11,13
697,极速天使,0,8.1,1,0,11,12
698,光棍儿,0,8.1,1,0,9,10
699,与时尚同居,0,8.1,1,0,10,11
700,恋爱恐慌症,0,8.1,1,0,8,9
701,B+侦探,0,8.1,1,0,10,11
702,奋斗,0,8.1,1,0,21,22
703,刀见笑,0,8.1,1,0,10,11
704,此间的少年,0,8.1,1,0,16,17
705,唐伯虎点秋香2之四大才子,0,8.1,1,0,14,15
706,如梦,0,8.1,1,0,2,3
707,熊猫大侠,0,8.1,1,0,12,13
708,高考1977,0,8.1,1,0,15,16
709,喜羊羊与灰太狼之牛气冲天,0,8.1,1,0,3,4
710,深海寻人,0,8.1,1,0,7,8
711,大电影2.0：两个傻瓜的荒唐事,0,8.1,1,0,5,6
712,爱情的牙齿,0,8.1,1,0,6,7
713,夜·上海,0,6.6,1,0,14,15
714,好奇害死猫,0,6.5,1,0,5,6
715,图雅的婚事,0,8.1,1,0,3,4
716,再说一次我爱你,0,8.1,2,0,8,10
717,大城小事,0,8.1,1,0,7,8
718,玉观音,0,8.1,1,0,7,8
719,古宅心慌慌,0,8.1,1,0,7,8
720,天地英雄,0,8.1,1,0,9,10
721,失忆界女王,0,8.1,1,0,9,10
722,暖春,0,8.1,1,0,4,5
723,美丽的大脚,0,8.1,1,0,4,5
724,周渔的火车,0,8.1,1,0,4,5
725,昨天,0,8.1,1,0,3,4
726,榴莲飘飘,0,8.1,1,0,5,6
727,一声叹息,0,8.1,1,0,14,15
728,爱情麻辣烫,0,8.1,1,0,12,13
729,没事偷着乐,0,8.1,1,0,14,15
730,荆轲刺秦王,0,8.1,1,0,30,31
731,红樱桃,0,8.1,1,0,4,5
732,离开雷锋的日子,0,8.1,2,0,21,23
733,刀,0,8.1,1,0,13,14
734,双旗镇刀客,0,8.1,1,0,5,6
735,妈阁是座城,0,8.0,1,0,13,14
736,下一任：前任,0,8.0,1,0,10,11
737,人间·喜剧,0,8.0,1,0,11,12
738,武林怪兽,0,8.0,1,0,18,19
739,遇见你真好,0,8.0,1,0,10,11
740,妈妈咪鸭,0,8.0,2,0,11,13
741,闺蜜2,0,8.0,1,0,8,9
742,谜巢,0,8.0,1,0,11,12
743,老兽,0,8.0,1,0,9,10
744,忠爱无言,0,8.0,1,0,6,7
745,有完没完,0,8.0,1,0,21,22
746,外公芳龄38,0,8.0,1,0,17,18
747,一句顶一万句,0,8.0,1,0,8,9
748,惊天破,0,8.0,1,0,11,12
749,我的战争,0,8.0,1,0,6,7
750,我最好朋友的婚礼,0,8.0,1,0,5,6
751,快手枪手快枪手,0,8.0,1,0,9,10
752,再见，在也不见,0,8.0,3,0,8,11
753,冰河追凶,0,8.0,1,0,6,7
754,从天“儿”降,0,8.0,2,0,15,17
755,不可思异,0,8.0,1,0,6,7
756,既然青春留不住,0,8.0,1,0,14,15
757,三城记,0,8.0,1,0,9,10
758,新步步惊心,0,8.0,1,0,12,13
759,汽车人总动员,0,8.0,1,0,8,9
760,深夜前的五分钟,0,8.0,1,0,9,10
761,蓝色骨头,0,8.0,1,0,9,10
762,龙之谷：破晓奇兵,0,8.0,1,0,10,11
763,喜羊羊与灰太狼之飞马奇遇记,0,8.0,1,0,9,10
764,控制,0,8.0,1,0,11,12
765,意外的恋爱时光,0,8.0,1,0,7,8
766,太极侠,0,8.0,1,0,10,11
767,叶问：终极一战,0,8.0,1,0,10,11
768,越来越好之村晚,0,4.3,2,0,13,15
769,女蛹,0,8.0,1,0,6,7
770,百星酒店,0,8.0,1,0,10,11
771,花漾,0,8.0,1,0,8,9
772,伤心童话,0,8.0,1,0,13,14
773,HOLD住爱,0,8.0,1,0,6,7
774,醉后一夜,0,8.0,2,0,5,7
775,形影不离,0,8.0,1,0,7,8
776,匹夫,0,8.0,1,0,13,14
777,高海拔之恋Ⅱ,0,5.9,1,0,8,9
778,变身男女,0,8.0,1,0,7,8
779,亲家过年,0,8.0,1,0,11,12
780,杨门女将之军令如山,0,8.0,1,0,22,23
781,青春失乐园,0,8.0,1,0,15,16
782,巴黎宝贝,0,8.0,1,0,8,9
783,蛋炒饭,0,8.0,1,0,8,9
784,肩上蝶,0,8.0,1,0,5,6
785,近在咫尺的爱恋,0,8.0,1,0,8,9
786,我的美女老板,0,8.0,1,0,9,10
787,嘻游记,0,8.0,1,0,12,13
788,叶问前传,0,8.0,1,0,13,14
789,东风雨,0,8.0,1,0,14,15
790,喜羊羊与灰太狼之虎虎生威,0,8.0,1,0,5,6
791,我的唐朝兄弟,0,8.0,1,0,5,6
792,隋朝来客,0,8.0,1,0,8,9
793,麦田,0,8.0,1,0,7,8
794,红河,0,8.0,1,0,4,5
795,大搜查之女,0,8.0,2,0,13,15
796,左右,0,8.0,1,0,6,7
797,江山美人,0,8.0,1,0,5,6
798,耳朵大有福,0,8.0,1,0,3,4
799,兄弟,0,8.0,1,0,12,13
800,铁三角,0,6.5,3,0,6,9
801,明明,0,8.0,1,0,6,7
802,十三棵泡桐,0,8.0,1,0,3,4
803,我要成名,0,8.0,1,0,15,16
804,天狗,0,8.0,1,0,4,5
805,长恨歌,0,8.0,1,0,8,9
806,世界,0,8.0,1,0,7,8
807,情人结,0,8.0,1,0,11,12
808,一石二鸟,0,8.0,2,0,6,8
809,安娜与武林,0,8.0,1,0,12,13
810,炮制女朋友,0,8.0,1,0,20,21
811,我是你爸爸,0,8.0,1,0,4,5
812,风月,0,8.0,1,0,12,13
813,红玫瑰白玫瑰,0,8.0,1,0,21,22
814,水浒传之英雄本色,0,8.0,1,0,7,8
815,过年,0,8.0,1,0,12,13
816,本命年,0,8.0,1,0,11,12
817,鼠胆英雄,0,7.9,2,0,21,23
818,如影随心,0,7.9,1,0,12,13
819,熊出没·原始时代,0,7.9,2,0,8,10
820,断片之险途夺宝,0,7.9,1,0,17,18
821,阿拉姜色,0,7.9,1,0,3,4
822,未择之路,0,7.9,1,0,7,8
823,新乌龙院之笑闹江湖,0,7.9,1,0,13,14
824,阿修罗,0,3.0,1,0,8,9
825,罪途1之死亡列车,0,7.9,1,0,11,12
826,低压槽：欲望之城,0,7.9,1,0,8,9
827,米花之味,0,7.9,1,0,6,7
828,卧底巨星,0,7.9,1,0,11,12
829,降魔传,0,7.9,2,0,13,15
830,青禾男高,0,7.9,1,0,20,21
831,美好的意外,0,7.9,1,0,7,8
832,荡寇风云,0,7.9,1,0,16,17
833,毒。诫,0,7.9,1,0,16,17
834,麻烦家族,0,7.9,1,0,13,14
835,东北往事之破马张飞,0,7.9,1,0,12,13
836,那年夏天你去了哪里,0,7.9,1,0,4,5
837,少年,0,7.9,1,0,12,13
838,超级快递,0,7.9,1,0,9,10
839,小戏骨：白蛇传,0,7.9,3,0,14,17
840,天亮之前,0,7.9,1,0,9,10
841,纽约纽约,0,7.9,1,0,12,13
842,女汉子真爱公式,0,7.9,1,0,12,13
843,高跟鞋先生,0,7.9,1,0,9,10
844,谋杀似水年华,0,7.9,1,0,11,12
845,一切都好,0,7.9,1,0,13,14
846,十月初五的月光,0,7.9,1,0,8,9
847,我的青春期,0,7.9,1,0,25,26
848,巴黎假期,0,7.9,1,0,12,13
849,我是女王,0,7.9,1,0,9,10
850,爸爸的假期,0,7.9,1,0,20,21
851,爸爸去哪儿2,0,7.9,2,0,10,12
852,神探驾到,0,7.9,2,0,11,13
853,暴走神探,0,7.9,1,0,11,12
854,少女哪吒,0,7.9,1,0,6,7
855,全城通缉,0,7.9,1,0,9,10
856,不能说的夏天,0,7.9,1,0,10,11
857,我想结婚的时候你在哪,0,7.9,1,0,11,12
858,赛尔号大电影4：圣魔之战,0,7.9,2,0,11,13
859,那夜凌晨，我坐上了旺角开往大埔的红VAN,0,7.9,1,0,10,11
860,绝命航班,0,7.9,1,0,9,10
861,盗马记,0,7.9,1,0,12,13
862,脱轨时代,0,7.9,1,0,5,6
863,熊出没之夺宝熊兵,0,7.9,2,0,11,13
864,我爱的是你爱我,0,7.9,1,0,10,11
865,大明猩,0,7.9,1,0,8,9
866,同谋,0,7.9,1,0,10,11
867,笑功震武林,0,7.9,2,0,18,20
868,爱神,0,7.9,1,0,12,13
869,全城高考,0,7.9,1,0,7,8
870,笔仙,0,7.9,1,0,3,4
871,百万巨鳄,0,7.9,1,0,9,10
872,浮城大亨,0,7.9,1,0,8,9
873,绣花鞋,0,7.9,1,0,9,10
874,情谜,0,7.9,1,0,6,7
875,柳如是,0,7.9,2,0,5,7
876,钱学森,0,7.9,1,0,9,10
877,到阜阳六百里,0,7.9,1,0,5,6
878,密室之不可靠岸,0,7.9,1,0,7,8
879,草莓百分百,0,7.9,1,0,7,8
880,赢家,0,7.9,1,0,16,17
881,守望者：罪恶迷途,0,7.9,1,0,19,20
882,戒烟不戒酒,0,7.9,1,0,20,21
883,密室之不可告人,0,7.9,1,0,4,5
884,跟我的前妻谈恋爱,0,7.9,1,0,4,5
885,荒村公寓,0,7.9,1,0,8,9
886,打擂台,0,7.9,2,0,10,12
887,三笑之才子佳人,0,7.9,2,0,19,21
888,火龙对决,0,7.9,1,0,9,10
889,老港正传,0,7.9,1,0,8,9
890,绑架,0,7.9,1,0,7,8
891,别拿自己不当干部,0,7.9,2,0,5,7
892,男才女貌,0,7.9,1,0,4,5
893,卧虎,0,7.9,2,0,14,16
894,第601个电话,0,7.9,1,0,6,7
895,梦想照进现实,0,7.9,1,0,4,5
896,光荣的愤怒,0,7.9,1,0,22,23
897,天生一对,0,7.9,1,0,11,12
898,阿司匹林,0,7.9,1,0,8,9
899,怪物,0,7.9,1,0,6,7
900,求求你，表扬我,0,7.9,1,0,5,6
901,大鸿米店,0,7.9,1,0,3,4
902,美人草,0,7.9,1,0,6,7
903,我和爸爸,0,7.9,1,0,6,7
904,幸福时光,0,7.3,1,0,11,12
905,夜奔,0,7.9,2,0,5,7
906,我的1919,0,7.9,1,0,18,19
907,古镜怪谈,0,7.9,2,0,11,13
908,秦颂,0,7.9,1,0,7,8
909,黄飞鸿之四：王者之风,0,7.9,1,0,9,10
910,天堂回信,0,7.9,1,0,3,4
911,未来机器城,0,7.8,2,0,14,16
912,双生,0,7.8,1,0,3,4
913,小猪佩奇过大年,0,7.8,5,0,16,21
914,冥王星时刻,0,7.8,1,0,7,8
915,北方一片苍茫,0,7.8,1,0,9,10
916,陈翔六点半之铁头无敌,0,7.8,1,0,6,7
917,西小河的夏天,0,7.8,1,0,5,6
918,我是你妈,0,7.8,1,0,12,13
919,脱单告急,0,7.8,1,0,11,12
920,这就是命,0,7.8,1,0,10,11
921,狂兽,0,7.8,1,0,11,12
922,东北插班生,0,7.8,1,0,3,4
923,我心雀跃,0,7.8,1,0,8,9
924,神秘家族,0,7.8,1,0,16,17
925,合约男女,0,7.8,1,0,9,10
926,熊出没·奇幻空间,0,7.8,3,0,4,7
927,塔洛,0,7.8,1,0,2,3
928,冲天火,0,7.8,1,0,10,11
929,我们的十年,0,7.8,2,0,12,14
930,那件疯狂的小事叫爱情,0,7.8,1,0,14,15
931,谎言西西里,0,7.8,1,0,8,9
932,魔宫魅影,0,7.8,1,0,11,12
933,消失爱人,0,7.8,1,0,5,6
934,分手再说我爱你,0,7.8,1,0,16,17
935,情敌蜜月,0,7.8,1,0,4,5
936,白幽灵传奇之绝命逃亡,0,7.8,1,0,12,13
937,一万年以后,0,7.8,1,0,19,20
938,好命先生,0,7.8,1,0,11,12
939,我在路上最爱你,0,7.8,1,0,6,7
940,李可乐寻人记,0,7.8,1,0,17,18
941,诡镇,0,7.8,1,0,8,9
942,制服,0,7.8,1,0,12,13
943,神奇,0,7.8,1,0,12,13
944,一路顺疯,0,7.8,1,0,9,10
945,白狐,0,7.8,1,0,7,8
946,团圆,0,7.8,1,0,5,6
947,人山人海,0,7.8,1,0,8,9
948,十二星座离奇事件,0,7.8,1,0,9,10
949,青魇,0,7.8,1,0,9,10
950,台北飘雪,0,7.8,1,0,5,6
951,饮食男女-好远又好近,0,7.8,1,0,8,9
952,嫁个100分男人,0,7.8,1,0,9,10
953,双城计中计,0,7.8,1,0,8,9
954,开心魔法,0,7.8,1,0,10,11
955,幸福59厘米之小马,0,7.8,1,0,4,5
956,无价之宝,0,7.8,1,0,7,8
957,藏獒多吉,0,7.8,1,0,11,12
958,跟踪孔令学,0,7.8,1,0,5,6
959,喜羊羊与灰太狼之兔年顶呱呱,0,7.8,1,0,6,7
960,11度青春之《泡芙小姐的金鱼缸》,0,7.8,1,0,3,4
961,活该你单身,0,7.8,1,0,10,11
962,刺痛我,0,7.8,1,0,4,5
963,秘岸,0,6.9,1,0,7,8
964,超强台风,0,7.8,1,0,3,4
965,葫芦兄弟,0,7.8,3,0,5,8
966,PK.COM.CN,0,7.8,1,0,6,7
967,天下第二,0,7.8,1,0,5,6
968,心中有鬼,0,7.8,1,0,5,6
969,陆小凤传奇之大金鹏王,0,7.8,1,0,3,4
970,陆小凤传奇之铁鞋传奇,0,7.8,1,0,2,3
971,陆小凤传奇之陆小凤前传,0,7.8,3,0,3,6
972,野蛮秘笈,0,7.8,1,0,12,13
973,向日葵,0,7.8,1,0,11,12
974,花腰新娘,0,7.8,1,0,4,5
975,漂亮妈妈,0,7.8,1,0,10,11
976,爱情梦幻号,0,7.8,1,0,9,10
977,红色恋人,0,7.8,1,0,18,19
978,醉拳3,0,7.8,1,0,7,8
979,火烧圆明园,0,7.8,1,0,6,7
980,铤而走险,0,7.7,1,0,10,11
981,跳舞吧！大象,0,7.7,1,0,10,11
982,素人特工,0,7.7,1,0,11,12
983,秦明·生死语者,0,7.7,2,0,6,8
984,中国合伙人2,0,7.7,1,0,12,13
985,冰封侠：时空行者,0,7.7,1,0,13,14
986,古剑奇谭之流月昭明,0,7.7,1,0,11,12
987,道高一丈,0,7.7,1,0,16,17
988,罪途2之救赎代价,0,7.7,1,0,11,12
989,泡芙小姐,0,7.7,1,0,22,23
990,荒城纪,0,7.7,1,0,8,9
991,烽火芳菲,0,7.7,1,0,12,13
992,天生不对,0,7.7,1,0,6,7
993,常在你左右,0,7.7,1,0,8,9
994,捍卫者,0,7.7,3,0,12,15
995,黑白迷宫,0,7.7,1,0,8,9
996,星游记之风暴法米拉,0,7.7,1,0,18,19
997,村戏,0,7.7,1,0,7,8
998,夏天19岁的肖像,0,7.7,1,0,8,9
999,指甲刀人魔,0,7.7,1,0,9,10
1000,疯岳撬佳人,0,7.7,1,0,9,10
1001,麦兜·饭宝奇兵,0,7.7,1,0,5,6
1002,精灵王座,0,7.7,1,0,4,5
1003,摇滚藏獒,0,7.7,1,0,12,13
1004,蒸发太平洋,0,7.7,1,0,10,11
1005,王牌,0,7.7,1,0,10,11
1006,坏姐姐之拆婚联盟,0,7.7,1,0,10,11
1007,笔仙3,0,7.7,1,0,7,8
1008,最佳嫌疑人,0,7.7,1,0,11,12
1009,特工艾米拉,0,7.7,1,0,10,11
1010,英雄之战,0,7.7,1,0,10,11
1011,非狐外传,0,7.7,1,0,15,16
1012,怒放之青春再见,0,7.7,1,0,17,18
1013,猎仇者,0,7.7,1,0,7,8
1014,听见下雨的声音,0,7.7,1,0,13,14
1015,笔仙Ⅱ,0,7.7,1,0,11,12
1016,初恋未满,0,7.7,1,0,9,10
1017,杀戒,0,7.7,1,0,6,7
1018,爱情银行,0,7.7,1,0,6,7
1019,暴走吧，女人,0,7.7,1,0,6,7
1020,洛克王国2：圣龙的心愿,0,7.7,1,0,2,3
1021,大叔，我爱你,0,7.7,1,0,10,11
1022,男人如衣服,0,7.7,1,0,7,8
1023,邋遢大王奇遇记,0,7.7,2,0,5,7
1024,一八九四·甲午大海战,0,7.7,1,0,7,8
1025,真心话大冒险,0,7.7,1,0,8,9
1026,大闹天宫,0,7.7,4,0,12,16
1027,不怕贼惦记,0,7.7,1,0,10,11
1028,无极限之危情速递,0,7.7,1,0,4,5
1029,一夜未了情,0,7.7,1,0,3,4
1030,秋之白华,0,7.7,1,0,12,13
1031,我们约会吧,0,7.7,1,0,10,11
1032,李小龙我的兄弟,0,7.7,2,0,16,18
1033,我的野蛮女友2,0,7.7,1,0,5,6
1034,爱情维修站,0,7.7,1,0,13,14
1035,庐山恋2010,0,7.7,1,0,4,5
1036,喋血孤城,0,7.7,1,0,7,8
1037,出水芙蓉,0,5.1,1,0,11,12
1038,财神到,0,7.7,1,0,17,18
1039,午夜出租车,0,7.7,1,0,7,8
1040,秋喜,0,7.7,1,0,6,7
1041,狼灾记,0,7.7,1,0,3,4
1042,最后的吸血鬼,0,7.7,1,0,6,7
1043,荒村客栈,0,7.7,1,0,5,6
1044,棒子老虎鸡,0,7.7,1,0,5,6
1045,吴清源,0,7.7,1,0,5,6
1046,陆小凤传奇之银钩赌坊,0,7.7,1,0,1,2
1047,陆小凤传奇之决战前后,0,7.7,1,0,4,5
1048,门,0,7.7,1,0,4,5
1049,天行者,0,7.7,1,0,14,15
1050,鸡犬不宁,0,7.7,1,0,4,5
1051,剃头匠,0,7.7,1,0,1,2
1052,陆小凤传奇之凤舞九天,0,7.7,1,0,3,4
1053,理发师,0,7.7,2,0,7,9
1054,芳香之旅,0,7.7,1,0,9,10
1055,红颜,0,7.7,1,0,4,5
1056,无穷动,0,7.7,1,0,5,6
1057,电影往事,0,7.7,1,0,9,10
1058,紫蝴蝶,0,7.7,1,0,5,6
1059,像鸡毛一样飞,0,7.7,1,0,5,6
1060,过年回家,0,7.7,1,0,5,6
1061,横空出世,0,7.7,1,0,30,31
1062,缘，妙不可言,0,7.7,1,0,4,5
1063,长大成人,0,7.7,1,0,8,9
1064,股疯,0,7.7,1,0,5,6
1065,北京杂种,0,7.7,1,0,6,7
1066,边城,0,7.7,1,0,12,13
1067,高山下的花环,0,7.7,1,0,8,9
1068,垂帘听政,0,7.7,1,0,7,8
1069,深夜食堂,0,7.6,1,0,21,22
1070,小Q,0,7.6,1,0,15,16
1071,天方异谈,0,7.6,1,0,4,5
1072,爸，我一定行的,0,7.6,1,0,11,12
1073,一纸婚约,0,7.6,1,0,6,7
1074,命运速递,0,7.6,1,0,7,8
1075,黄飞鸿之南北英雄,0,7.6,1,0,8,9
1076,路过未来,0,7.6,1,0,8,9
1077,寻找罗麦,0,7.6,1,0,11,12
1078,猫与桃花源,0,7.6,1,0,5,6
1079,栋笃特工,0,7.6,1,0,20,21
1080,推理笔记,0,7.6,1,0,6,7
1081,黄金花,0,7.6,1,0,11,12
1082,十八洞村,0,7.6,1,0,5,6
1083,西谎极落之太爆太子太空舱,0,7.6,2,0,19,21
1084,龙之战,0,7.6,1,0,4,5
1085,我是马布里,0,7.6,1,0,14,15
1086,豆福传,0,7.6,1,0,9,10
1087,阿唐奇遇,0,7.6,1,0,12,13
1088,哀乐女子天团,0,7.6,2,0,7,9
1089,临时演员,0,7.6,2,0,8,10
1090,抢红,0,7.6,1,0,8,9
1091,上海王,0,7.6,1,0,13,14
1092,灵魂摆渡之风华绝代,0,7.6,1,0,6,7
1093,老九门番外之二月花开,0,7.6,1,0,4,5
1094,在世界中心呼唤爱,0,7.6,1,0,22,23
1095,泡沫之夏,0,7.6,1,0,11,12
1096,刑警兄弟,0,7.6,1,0,12,13
1097,真相禁区,0,7.6,1,0,9,10
1098,熊出没之熊心归来,0,7.6,2,0,12,14
1099,东北偏北,0,7.6,1,0,9,10
1100,最美的时候遇见你,0,7.6,1,0,2,3
1101,1980年代的爱情,0,7.6,1,0,2,3
1102,黑猫警长之翡翠之星,0,7.6,4,0,18,22
1103,对风说爱你,0,7.6,1,0,13,14
1104,潜龙风云,0,7.6,1,0,16,17
1105,夜莺,0,7.6,1,0,4,5
1106,女生宿舍,0,7.6,1,0,8,9
1107,有一天,0,7.6,9,0,12,21
1108,爱情进化论,0,7.6,1,0,7,8
1109,我的播音系女友,0,7.6,2,0,8,10
1110,再爱一次好不好,0,7.6,1,0,5,6
1111,完美假妻168,0,5.0,1,0,11,12
1112,恶战,0,7.6,1,0,10,11
1113,我为相亲狂,0,7.6,1,0,5,6
1114,唇唇欲动,0,7.6,1,0,5,6
1115,校花诡异事件,0,7.6,1,0,7,8
1116,大片,0,7.6,1,0,12,13
1117,喊山,0,7.6,1,0,5,6
1118,小小飞虎队,0,7.6,1,0,14,15
1119,201314,0,7.6,1,0,8,9
1120,告诉他们，我乘白鹤去了,0,7.6,1,0,4,5
1121,宝岛双雄,0,7.6,1,0,7,8
1122,笔仙惊魂,0,7.6,1,0,6,7
1123,爱在那一天,0,7.6,1,0,4,5
1124,超时空救兵,0,7.6,1,0,9,10
1125,喜羊羊与灰太狼之开心闯龙年,0,7.6,1,0,3,4
1126,遍地狼烟,0,7.6,1,0,9,10
1127,巨额交易,0,7.6,1,0,11,12
1128,床下有人,0,7.6,1,0,4,5
1129,紫宅,0,7.6,1,0,7,8
1130,兔侠传奇,0,7.6,1,0,9,10
1131,B区32号,0,7.6,1,0,3,4
1132,午夜心跳,0,7.6,1,0,8,9
1133,魔侠传之唐吉可德,0,7.6,1,0,16,17
1134,长江7号爱地球,0,7.6,1,0,9,10
1135,迷城,0,7.6,1,0,4,5
1136,嫁给大山的女人,0,7.6,1,0,3,4
1137,时尚先生,0,7.6,1,0,5,6
1138,神枪手与智多星,0,7.6,1,0,7,8
1139,妃子笑,0,7.6,1,0,13,14
1140,鸳鸯蝴蝶,0,7.6,2,0,8,10
1141,美人依旧,0,7.6,1,0,7,8
1142,天黑请闭眼,0,7.6,1,0,6,7
1143,警察有约,0,7.6,1,0,16,17
1144,赵先生,0,7.6,1,0,4,5
1145,背起爸爸上学,0,7.6,1,0,3,4
1146,画魂,0,7.6,1,0,3,4
1147,冬春的日子,0,7.6,1,0,3,4
1148,南北少林,0,7.6,1,0,3,4
1149,回到过去拥抱你,0,7.5,1,0,15,16
1150,过昭关,0,7.5,1,0,4,5
1151,狗眼看人心,0,7.5,1,0,15,16
1152,战斗民族养成记,0,7.5,2,0,9,11
1153,中国蓝盔,0,7.5,1,0,15,16
1154,脱皮爸爸,0,7.5,1,0,6,7
1155,再见十八班,0,7.5,1,0,3,4
1156,盲·道,0,7.5,1,0,4,5
1157,情遇曼哈顿,0,7.5,1,0,4,5
1158,钢铁飞龙之再见奥特曼,0,7.5,1,0,9,10
1159,小戏骨：放开那三国,0,7.5,3,0,13,16
1160,美容针,0,7.5,1,0,6,7
1161,不期而遇,0,7.5,1,0,4,5
1162,陈翔六点半之废话少说,0,7.5,1,0,5,6
1163,不可抗力爱上你,0,7.5,1,0,2,3
1164,冬,0,7.5,1,0,5,6
1165,狐妖小红娘剧场版：王权富贵,0,7.5,1,0,7,8
1166,恶人报喜,0,7.5,1,0,28,29
1167,擦枪走火,0,7.5,1,0,10,11
1168,回到被爱的每一天,0,7.5,1,0,9,10
1169,浪漫天降,0,7.5,1,0,8,9
1170,男神时代,0,7.5,1,0,10,11
1171,张震讲故事之鬼迷心窍,0,7.5,1,0,7,8
1172,忘了去懂你,0,7.5,1,0,4,5
1173,洋妞到我家,0,7.5,1,0,14,15
1174,分手达人,0,7.5,1,0,15,16
1175,夺樽,0,7.5,2,0,14,16
1176,U盘,0,7.5,1,0,13,14
1177,半熟少女,0,7.5,1,0,19,20
1178,我的男男男男朋友,0,7.5,1,0,10,11
1179,甜心巧克力,0,7.5,1,0,10,11
1180,铁血娇娃,0,7.5,1,0,12,13
1181,金刚王：死亡救赎,0,7.5,1,0,8,9
1182,帝国秘符,0,7.5,1,0,4,5
1183,爱爱囧事,0,7.5,1,0,9,10
1184,早见，晚爱,0,7.5,1,0,9,10
1185,周恩来的四个昼夜,0,7.5,1,0,6,7
1186,临终囧事,0,7.5,1,0,9,10
1187,石器时代之百万大侦探,0,7.5,1,0,6,7
1188,喜羊羊与灰太狼之喜气羊羊过蛇年,0,7.5,1,0,7,8
1189,有人赞美聪慧，有人则不,0,7.5,1,0,14,15
1190,一起飞,0,7.5,1,0,9,10
1191,天津闲人,0,7.5,1,0,5,6
1192,做次有钱人,0,7.5,2,0,7,9
1193,擒爱记,0,7.5,1,0,8,9
1194,疯狂的蠢贼,0,7.5,1,0,6,7
1195,追爱,0,7.5,1,0,6,7
1196,正·青春,0,7.5,1,0,8,9
1197,回马枪,0,7.5,1,0,8,9
1198,夺命心跳,0,7.5,1,0,4,5
1199,飞天,0,7.5,2,0,7,9
1200,宅男总动员,0,7.5,1,0,11,12
1201,房不剩防,0,7.5,1,0,8,9
1202,爱情36计,0,7.5,1,0,11,12
1203,康定情歌,0,7.5,1,0,11,12
1204,七小罗汉,0,7.5,1,0,12,13
1205,不是闹着玩的,0,7.5,1,0,4,5
1206,樱桃,0,7.5,1,0,7,8
1207,小说,0,7.5,1,0,5,6
1208,一轮明月,0,7.5,2,0,6,8
1209,第一次的亲密接触,0,7.5,1,0,6,7
1210,西洋镜,0,7.5,1,0,8,9
1211,美丽新世界,0,7.5,1,0,5,6
1212,鸦片战争,0,7.5,1,0,8,9
1213,埋伏,0,7.5,2,0,12,14
1214,西楚霸王,0,7.5,1,0,15,16
1215,大太监李莲英,0,7.5,1,0,8,9
1216,敦煌,0,7.5,1,0,11,12
1217,黄河大侠,0,7.5,2,0,6,8
1218,中华英雄,0,7.5,1,0,3,4
1219,似水流年,0,7.5,1,0,6,7
1220,碟仙,0,7.4,1,0,10,11
1221,我的青春都是你,0,7.4,2,0,11,13
1222,大河唱,0,7.4,3,0,5,8
1223,柔情史,0,7.4,1,0,7,8
1224,欲念游戏,0,7.4,1,0,7,8
1225,在乎你,0,7.4,1,0,6,7
1226,独家记忆番外之相信爱,0,7.4,1,0,7,8
1227,独家记忆番外之勇敢爱,0,7.4,1,0,7,8
1228,蓝色生死恋,0,7.4,1,0,9,10
1229,大侦探霍桑,0,7.4,1,0,9,10
1230,淡蓝琥珀,0,7.4,1,0,5,6
1231,解码游戏,0,7.4,1,0,6,7
1232,缉妖法海传,0,7.4,1,0,8,9
1233,新大头儿子和小头爸爸3：俄罗斯奇遇记,0,7.4,1,0,7,8
1234,清水里的刀子,0,7.4,1,0,1,2
1235,我的影子在奔跑,0,7.4,1,0,10,11
1236,时间去哪儿了,0,7.4,5,0,6,11
1237,极致追击,0,7.4,1,0,10,11
1238,会痛的十七岁,0,7.4,1,0,6,7
1239,二次初恋,0,7.4,1,0,8,9
1240,六人晚餐,0,7.4,1,0,14,15
1241,小情书,0,7.4,1,0,15,16
1242,血狼犬,0,7.4,1,0,9,10
1243,夜色撩人,0,7.4,1,0,4,5
1244,大卫贝肯之倒霉特工熊,0,7.4,1,0,7,8
1245,最萌身高差,0,7.4,1,0,12,13
1246,超级保镖,0,7.4,1,0,12,13
1247,极限公益联欢会,0,7.4,2,0,11,13
1248,狐妖小红娘剧场版：月红篇,0,7.4,2,0,8,10
1249,猫脸老太太,0,7.4,1,0,11,12
1250,喜丧,0,7.4,1,0,4,5
1251,土豪520,0,7.4,1,0,5,6
1252,爱我就陪我看电影,0,7.4,1,0,11,12
1253,怪谈,0,7.4,3,0,12,15
1254,侠僧探案传奇之大夜叉,0,7.4,1,0,4,5
1255,黄克功案件,0,7.4,1,0,9,10
1256,怨灵,0,7.4,1,0,7,8
1257,拆散专家,0,7.4,2,0,10,12
1258,诡替身,0,7.4,1,0,12,13
1259,食人虫,0,7.4,1,0,4,5
1260,死亡派对,0,7.4,1,0,4,5
1261,白雪公主之矮人力量,0,7.4,1,0,2,3
1262,大宅男,0,7.4,1,0,12,13
1263,洛克王国3：圣龙的守护,0,7.4,1,0,12,13
1264,死亡邮件,0,7.4,1,0,7,8
1265,激浪青春,0,7.4,1,0,10,11
1266,古堡之吻,0,7.4,1,0,6,7
1267,怖偶,0,7.4,1,0,4,5
1268,百变爱人,0,7.4,1,0,12,13
1269,笔仙惊魂3,0,7.4,1,0,10,11
1270,少女灵异日记,0,7.4,1,0,5,6
1271,诡拼车,0,7.4,1,0,10,11
1272,孪生密码,0,7.4,1,0,7,8
1273,冲锋战警,0,7.4,1,0,11,12
1274,公主的诱惑,0,7.4,1,0,14,15
1275,爱别离,0,7.4,1,0,6,7
1276,来历不明,0,7.4,1,0,6,7
1277,光辉岁月,0,7.4,1,0,14,15
1278,亲·爱,0,7.4,1,0,6,7
1279,止杀令,0,7.4,1,0,8,9
1280,午夜微博,0,7.4,1,0,6,7
1281,三月情流感,0,7.4,1,0,5,6
1282,爱情不NG,0,7.4,1,0,4,5
1283,孤岛惊魂2,0,7.4,1,0,2,3
1284,重返大海,0,7.4,1,0,8,9
1285,秘密花园,0,7.4,1,0,4,5
1286,小鱼吃大鱼,0,7.4,1,0,6,7
1287,初到东京,0,7.4,1,0,5,6
1288,梦游,0,7.4,1,0,9,10
1289,爱封了,0,7.4,1,0,6,7
1290,囧探佳人,0,7.4,1,0,10,11
1291,蔡李佛,0,7.4,2,0,8,10
1292,歌舞青春,0,7.4,1,0,8,9
1293,等着你回来,0,7.4,1,0,9,10
1294,异度公寓,0,7.4,1,0,6,7
1295,四个丘比特,0,7.4,1,0,5,6
1296,欠我十万零五千,0,7.4,1,0,8,9
1297,功夫厨神,0,7.4,1,0,6,7
1298,扣篮对决,0,7.4,1,0,5,6
1299,警花燕子,0,7.4,1,0,3,4
1300,上海伦巴,0,7.4,1,0,4,5
1301,七夜,0,7.4,1,0,3,4
1302,疑神疑鬼,0,7.4,1,0,3,4
1303,美丽上海,0,7.4,1,0,5,6
1304,爱‧作战,0,7.4,1,0,7,8
1305,最后的爱，最初的爱,0,7.4,1,0,3,4
1306,邮差,0,7.4,1,0,3,4
1307,一刀倾城,0,7.4,1,0,9,10
1308,代号美洲豹,0,5.4,2,0,5,7
1309,一代妖后,0,7.4,1,0,9,10
1310,天云山传奇,0,7.4,1,0,5,6
1311,灰猴,0,7.3,1,0,16,17
1312,独家记忆番外之再见爱,0,7.3,1,0,11,12
1313,黑暗迷宫,0,7.3,1,0,12,13
1314,为你写诗,0,7.3,1,0,10,11
1315,故事贩卖机,0,7.3,4,0,12,16
1316,女他,0,7.3,1,0,16,17
1317,吃货宇宙,0,7.3,1,0,12,13
1318,毕业作品,0,7.3,1,0,9,10
1319,再见路星河,0,7.3,1,0,7,8
1320,大嫂,0,7.3,1,0,18,19
1321,胡杨的夏天,0,7.3,1,0,13,14
1322,狐妖小红娘剧场版：千颜,0,7.3,1,0,9,10
1323,中国推销员,0,7.3,1,0,8,9
1324,非常父子档,0,7.3,1,0,6,7
1325,育婴室,0,7.3,1,0,3,4
1326,勇士,0,7.3,1,0,17,18
1327,魔轮,0,7.3,1,0,9,10
1328,钢刀,0,7.3,1,0,9,10
1329,判我有罪,0,7.3,1,0,5,6
1330,呼吸正常,0,7.3,1,0,8,9
1331,不速之客,0,7.3,1,0,8,9
1332,半熟少女,0,7.3,3,0,9,12
1333,我的极品女神,0,7.3,2,0,12,14
1334,年兽大作战,0,7.3,1,0,13,14
1335,致我们终将到来的爱情,0,7.3,1,0,5,6
1336,没女神探,0,7.3,1,0,10,11
1337,年少轻狂,0,7.3,1,0,10,11
1338,星语心愿之再爱,0,7.3,1,0,6,7
1339,开罗宣言,0,7.3,3,0,18,21
1340,猛龙特囧,0,7.3,1,0,18,19
1341,赛尔号大电影5：雷神崛起,0,7.3,1,0,8,9
1342,摇滚英雄,0,7.3,1,0,10,11
1343,我是谁2015,0,7.3,1,0,7,8
1344,侠僧探案传奇之聚义钱庄,0,7.3,1,0,4,5
1345,谁动了我的梦想,0,7.3,2,0,11,13
1346,0.5的爱情,0,7.3,1,0,4,5
1347,三小强,0,7.3,1,0,6,7
1348,幸福中转栈,0,7.3,2,0,8,10
1349,小慈善,0,7.3,1,0,1,2
1350,对不起，我爱你,0,7.3,1,0,6,7
1351,中国好声音之为你转身,0,7.3,1,0,15,16
1352,有种,0,7.3,1,0,11,12
1353,诡婴吉咪,0,7.3,1,0,10,11
1354,目标战,0,7.3,1,0,11,12
1355,赛尔号大电影3之战神联盟,0,7.3,2,0,10,12
1356,开心超人,0,7.3,1,0,10,11
1357,枕边有张脸,0,7.3,1,0,8,9
1358,人间蒸发,0,7.3,1,0,8,9
1359,熊出没之过年,0,7.3,1,0,7,8
1360,新妈妈再爱我一次,0,7.3,1,0,6,7
1361,岁月无声,0,7.3,1,0,7,8
1362,杨梅洲,0,7.3,1,0,4,5
1363,半夜不要照镜子,0,7.3,1,0,9,10
1364,神通乡巴佬,0,7.3,1,0,4,5
1365,竞雄女侠秋瑾,0,7.3,1,0,13,14
1366,无底洞,0,7.3,1,0,7,8
1367,一路惊心,0,7.3,1,0,6,7
1368,百年情书,0,7.3,1,0,8,9
1369,蔡李佛拳,0,7.3,1,0,8,9
1370,西藏往事,0,7.3,1,0,5,6
1371,云下的日子,0,7.3,1,0,4,5
1372,纺织姑娘,0,7.3,1,0,3,4
1373,功夫·咏春,0,7.3,1,0,9,10
1374,我是植物人,0,7.3,1,0,2,3
1375,玩酷青春,0,7.3,1,0,5,6
1376,一只狗的大学时光,0,7.3,1,0,9,10
1377,无形杀,0,7.3,1,0,6,7
1378,车票,0,7.3,1,0,7,8
1379,救我,0,7.3,1,0,6,7
1380,凤凰,0,7.3,1,0,11,12
1381,马背上的法庭,0,7.3,1,0,3,4
1382,杨德财征婚,0,7.3,1,0,6,7
1383,银饰,0,7.3,1,0,5,6
1384,生活秀,0,7.3,1,0,3,4
1385,二十五个孩子一个爹,0,7.3,1,0,3,4
1386,南京大屠杀,0,7.3,1,0,5,6
1387,天生胆小,0,7.3,1,0,5,6
1388,木棉袈裟,0,7.3,1,0,4,5
1389,八子,0,7.2,1,0,7,8
1390,进京城,0,7.2,1,0,13,14
1391,唐伯虎点秋香2019,0,7.2,1,0,22,23
1392,给19岁的我自己,0,7.2,1,0,7,8
1393,切尔诺贝利之春,0,7.2,1,0,3,4
1394,那年八岁,0,7.2,1,0,5,6
1395,猪太狼的夏天,0,7.2,1,0,5,6
1396,海带,0,7.2,1,0,2,3
1397,那一场呼啸而过的青春,0,7.2,1,0,6,7
1398,大耳朵图图之美食狂想曲,0,7.2,1,0,16,17
1399,完美有多美,0,7.2,1,0,18,19
1400,灵魂纸扎店,0,7.2,1,0,3,4
1401,盛先生的花儿,0,7.2,1,0,7,8
1402,新大头儿子和小头爸爸2一日成才,0,7.2,2,0,10,12
1403,宝贝当家,0,7.2,1,0,5,6
1404,我叫MT之山口山战记,0,7.2,1,0,13,14
1405,泰迪熊之玩具大战,0,7.2,1,0,4,5
1406,记忆碎片,0,7.2,1,0,5,6
1407,蜜月酒店杀人事件,0,7.2,1,0,6,7
1408,笔仙大战贞子,0,7.2,1,0,13,14
1409,爱情麻辣烫之情定终身,0,7.2,2,0,13,15
1410,狐妖小红娘剧场版：下沙,0,7.2,1,0,3,4
1411,龙在哪里？,0,7.2,1,0,7,8
1412,长江7号：超萌特攻队,0,7.2,1,0,13,14
1413,魔镜,0,7.2,3,0,4,7
1414,别有动机,0,7.2,1,0,9,10
1415,通灵之六世古宅,0,7.2,1,0,6,7
1416,哺乳期的女人,0,7.2,2,0,4,6
1417,重生爱人,0,7.2,1,0,8,9
1418,全力扣杀,0,7.2,2,0,10,12
1419,踏雪寻梅,0,7.2,1,0,2,3
1420,道士出山,0,7.2,1,0,2,3
1421,喜羊羊与灰太狼之羊年喜羊羊,0,7.2,1,0,8,9
1422,侠僧探案传奇之王陵之谜,0,7.2,1,0,4,5
1423,打工老板,0,7.2,1,0,4,5
1424,香气,0,7.2,1,0,9,10
1425,星空日记,0,7.2,1,0,4,5
1426,封门村,0,7.2,2,0,6,8
1427,闪魂,0,7.2,1,0,9,10
1428,大寒桃花开,0,7.2,1,0,5,6
1429,模特魅影,0,7.2,1,0,8,9
1430,爱很美,0,7.2,1,0,6,7
1431,非秀不可,0,7.2,1,0,4,5
1432,倾城,0,7.2,1,0,4,5
1433,钢琴木马,0,7.2,2,0,8,10
1434,囧人之越挠越痒,0,7.2,1,0,11,12
1435,电梯惊魂,0,7.2,1,0,6,7
1436,给野兽献花,0,7.2,1,0,13,14
1437,诡爱,0,7.2,1,0,7,8
1438,恐怖旅馆,0,7.2,1,0,7,8
1439,我爱灰太狼,0,7.2,1,0,8,9
1440,母语,0,7.2,1,0,3,4
1441,查无此人,0,7.2,1,0,12,13
1442,四戒,0,7.2,1,0,9,10
1443,热爱岛,0,7.2,1,0,7,8
1444,骆驼客,0,7.2,1,0,4,5
1445,夜店诡谈,0,7.2,1,0,8,9
1446,双人床条约,0,7.2,1,0,9,10
1447,午夜凶梦,0,7.2,1,0,5,6
1448,嘿店,0,7.2,1,0,6,7
1449,杨善洲,0,7.2,1,0,9,10
1450,男得有爱,0,7.2,1,0,8,9
1451,夜惊魂,0,7.2,1,0,3,4
1452,歼十出击,0,7.2,1,0,9,10
1453,芳香之城传奇,0,7.2,2,0,5,7
1454,世博总动员,0,7.2,1,0,7,8
1455,碧罗雪山,0,7.2,1,0,6,7
1456,终极匹配,0,7.2,1,0,9,10
1457,黑猫警长电影版,0,7.2,1,0,5,6
1458,铠甲勇士之帝皇侠,0,7.2,1,0,3,4
1459,回家的路,0,7.2,1,0,3,4
1460,静静的嘛呢石,0,7.2,1,0,26,27
1461,短信一月追,0,7.2,1,0,4,5
1462,绿草地,0,7.2,1,0,3,4
1463,恋爱大赢家,0,7.2,1,0,5,6
1464,追击8月15,0,7.2,2,0,7,9
1465,烟雨红颜,0,7.2,1,0,2,3
1466,生死抉择,0,7.2,1,0,8,9
1467,黑骏马,0,7.2,1,0,2,3
1468,民警故事,0,7.2,1,0,12,13
1469,找乐,0,7.2,1,0,4,5
1470,疯狂的代价,0,7.2,1,0,7,8
1471,鬼吹灯之巫峡棺山,0,7.1,1,0,3,4
1472,周恩来回延安,0,7.1,2,0,4,6
1473,同名男子,0,7.1,1,0,4,5
1474,二十岁,0,7.1,1,0,10,11
1475,阿凡提之奇缘历险,0,7.1,1,0,11,12
1476,大蛇,0,7.1,1,0,4,5
1477,那年1987,0,7.1,1,0,2,3
1478,美食大冒险之英雄烩,0,7.1,1,0,4,5
1479,求求你爱上我,0,7.1,1,0,7,8
1480,杀无赦I入局,0,7.1,1,0,6,7
1481,伏妖白鱼镇,0,7.1,1,0,4,5
1482,大乐师．为爱配乐,0,7.1,1,0,19,20
1483,杀瓜,0,7.1,1,0,5,6
1484,玛格丽特的春天,0,7.1,1,0,7,8
1485,我的上高,0,7.1,1,0,5,6
1486,鬼话怪谈·祥云寺,0,7.1,1,0,2,3
1487,我是处女座,0,7.1,1,0,9,10
1488,张震讲故事之合租屋,0,7.1,1,0,7,8
1489,轩辕大帝,0,7.1,1,0,9,10
1490,紫霞,0,7.1,1,0,8,9
1491,老兵,0,7.1,1,0,2,3
1492,七月半之恐怖宿舍,0,7.1,1,0,10,11
1493,桂宝之爆笑闯宇宙,0,7.1,1,0,10,11
1494,恐怖游泳馆,0,7.1,1,0,8,9
1495,三更车库,0,7.1,1,0,7,8
1496,封门诡影,0,7.1,1,0,8,9
1497,河,0,7.1,1,0,3,4
1498,侠僧探案传奇之催命符,0,7.1,1,0,4,5
1499,侠僧探案传奇之醉玲珑,0,7.1,1,0,2,3
1500,侠僧探案传奇之洛阳花会,0,7.1,1,0,4,5
1501,侠僧探案传奇之大兴赌坊,0,7.1,1,0,2,3
1502,侠僧探案传奇之白马镖局,0,7.1,1,0,4,5
1503,校花驾到之极品校花,0,7.1,1,0,4,5
1504,天河,0,7.1,2,0,17,19
1505,喵星少年漂流记,0,7.1,5,0,5,10
1506,床下有人2,0,7.1,1,0,8,9
1507,碟仙诡谭,0,7.1,1,0,11,12
1508,猪猪侠之勇闯巨人岛,0,7.1,2,0,4,6
1509,城市游戏,0,7.1,2,0,6,8
1510,警察日记,0,7.1,1,0,6,7
1511,化妆师,0,7.1,2,0,9,11
1512,林中小屋,0,7.1,1,0,8,9
1513,一个屌丝的自我修养,0,7.1,1,0,7,8
1514,古镇凶灵之巫咒缠身,0,7.1,1,0,8,9
1515,粉红女郎之爱人快跑,0,7.1,1,0,12,13
1516,玛德2号,0,7.1,1,0,10,11
1517,我爱灰太狼2,0,7.1,1,0,3,4
1518,咒·丝,0,7.1,2,0,6,8
1519,刺夜,0,7.1,2,0,6,8
1520,甜蜜18岁,0,7.1,1,0,5,6
1521,楼,0,7.1,1,0,7,8
1522,青春雷锋,0,7.1,1,0,7,8
1523,幸福迷途,0,7.1,2,0,10,12
1524,三个未婚妈妈,0,7.1,1,0,6,7
1525,毕业那年,0,7.1,1,0,7,8
1526,稍安勿躁,0,7.1,1,0,6,7
1527,残梦,0,7.1,1,0,8,9
1528,魅妆,0,7.1,1,0,3,4
1529,堵车,0,7.1,1,0,8,9
1530,赛尔号大电影之寻找凤凰神兽,0,7.1,1,0,6,7
1531,致命请柬,0,7.1,1,0,3,4
1532,老虎都要嫁,0,7.1,1,0,13,14
1533,异空危情,0,7.1,1,0,4,5
1534,惊天动地,0,7.1,2,0,10,12
1535,沂蒙六姐妹,0,7.1,1,0,10,11
1536,夜玫瑰,0,7.1,2,0,5,7
1537,千钧。一发,0,7.1,1,0,20,21
1538,青春期,0,7.1,1,0,5,6
1539,意乱情迷,0,7.1,1,0,5,6
1540,寄生人,0,7.1,1,0,5,6
1541,日日夜夜,0,7.1,1,0,3,4
1542,云的南方,0,7.1,1,0,3,4
1543,制服,0,7.1,1,0,2,3
1544,二弟,0,7.1,1,0,6,7
1545,花眼,0,7.1,1,0,7,8
1546,夏日暖洋洋,0,7.1,1,0,6,7
1547,草房子,0,7.1,1,0,7,8
1548,新冷血十三鹰,0,7.1,1,0,3,4
1549,东归英雄传,0,7.1,2,0,7,9
1550,上海假期,0,7.1,1,0,5,6
1551,边走边唱,0,7.1,1,0,4,5
1552,夜盗珍妃墓,0,7.1,1,0,5,6
1553,八旗子弟,0,7.1,1,0,8,9
1554,湘女萧萧,0,7.1,2,0,3,5
1555,海市蜃楼,0,7.1,1,0,4,5
1556,音乐家,0,7.0,1,0,5,6
1557,黄飞鸿之怒海雄风,0,7.0,1,0,8,9
1558,狄仁杰之幽冥道,0,5.0,1,0,5,6
1559,大闹西游,0,7.0,1,0,4,5
1560,画师,0,7.0,2,0,6,8
1561,西北风云,0,7.0,1,0,4,5
1562,我是好人,0,7.0,1,0,6,7
1563,假如王子睡着了,0,7.0,1,0,14,15
1564,坑爹游戏,0,7.0,1,0,8,9
1565,夜闯寡妇村,0,7.0,1,0,9,10
1566,功夫机器侠,0,7.0,1,0,2,3
1567,轻松+愉快,0,7.0,1,0,7,8
1568,冒牌卧底,0,7.0,1,0,7,8
1569,男狐聊斋,0,7.0,1,0,5,6
1570,夺路而逃,0,7.0,1,0,4,5
1571,笔仙撞碟仙,0,7.0,1,0,10,11
1572,在勾引中学会爱2,0,7.0,1,0,2,3
1573,电商时代,0,7.0,1,0,5,6
1574,昆塔：盒子总动员,0,7.0,1,0,6,7
1575,诱狼,0,7.0,1,0,6,7
1576,我是奋青,0,7.0,1,0,8,9
1577,告别,0,7.0,1,0,5,6
1578,阴阳先生,0,7.0,1,0,5,6
1579,惊魂电影院,0,7.0,1,0,9,10
1580,枪过境,0,7.0,1,0,5,6
1581,侠僧探案传奇之将军府,0,7.0,1,0,2,3
1582,侠僧探案传奇之开封府,0,7.0,1,0,2,3
1583,怨灵人偶,0,7.0,1,0,5,6
1584,密道追踪之阴兵虎符,0,7.0,1,0,6,7
1585,新大头儿子和小头爸爸之秘密计划,0,7.0,1,0,6,7
1586,摩登森林之美食总动员,0,7.0,1,0,5,6
1587,江南爱情故事,0,7.0,1,0,7,8
1588,迷魂之密室逃脱,0,7.0,1,0,7,8
1589,功夫战斗机,0,7.0,2,0,8,10
1590,火焰山历险记,0,7.0,1,0,9,10
1591,午夜火车,0,7.0,1,0,5,6
1592,危情营救,0,7.0,1,0,4,5
1593,恋爱三万英尺,0,7.0,1,0,7,8
1594,爱谁谁,0,7.0,1,0,8,9
1595,街头之王,0,7.0,2,0,6,8
1596,跑出一片天,0,7.0,2,0,9,11
1597,下一个奇迹,0,7.0,1,0,8,9
1598,赛车传奇,0,7.0,2,0,4,6
1599,郎在对门唱山歌,0,7.0,1,0,5,6
1600,光棍终结者,0,7.0,2,0,6,8
1601,你是哪里人,0,7.0,1,0,13,14
1602,第一书记,0,7.0,1,0,16,17
1603,米香,0,7.0,2,0,4,6
1604,感情生活,0,7.0,1,0,5,6
1605,宝贵的秘密,0,7.0,1,0,21,22
1606,盗版爱情,0,7.0,1,0,6,7
1607,多大事啊,0,7.0,1,0,13,14
1608,果,0,7.0,1,0,3,4
1609,夏天，有风吹过,0,7.0,1,0,19,20
1610,镖行天下之天下镖局,0,7.0,1,0,7,8
1611,夜袭,0,7.0,1,0,15,16
1612,醒狮,0,7.0,2,0,12,14
1613,魔比斯环,0,7.0,1,0,13,14
1614,我心飞翔,0,7.0,1,0,3,4
1615,我爱天上人间,0,7.0,1,0,7,8
1616,嘎达梅林,0,7.0,1,0,2,3
1617,非常夏日,0,7.0,1,0,7,8
1618,减肥旅行团,0,7.0,1,0,6,7
1619,炮打双灯,0,7.0,1,0,5,6
1620,心香,0,7.0,1,0,3,4
1621,看不见的小孩,0,6.9,1,0,6,7
1622,云雾笼罩的山峰,0,6.9,1,0,7,8
1623,最后的日出,0,6.9,1,0,2,3
1624,我儿子去了外星球,0,6.9,1,0,7,8
1625,怪兽,0,6.9,1,0,6,7
1626,说走就走之不说再见,0,6.9,1,0,7,8
1627,李保国,0,6.9,1,0,21,22
1628,九门提督,0,6.9,1,0,6,7
1629,玩世英雄,0,6.9,1,0,4,5
1630,末世人间道,0,6.9,1,0,8,9
1631,新僵尸先生2,0,6.9,1,0,6,7
1632,赛尔号大电影6：圣者无敌,0,6.9,1,0,4,5
1633,冯梦龙传奇,0,6.9,1,0,8,9
1634,猪猪侠之英雄猪少年,0,6.9,2,0,8,10
1635,爸爸的3次婚礼,0,6.9,1,0,8,9
1636,呆呆计划,0,6.9,1,0,13,14
1637,老九门番外之虎骨梅花,0,6.9,1,0,10,11
1638,终极硬汉,0,6.9,2,0,10,12
1639,龙拳小子,0,6.9,2,0,20,22
1640,大梦西游,0,6.9,1,0,3,4
1641,诡影迷情,0,6.9,2,0,4,6
1642,魔卡行动,0,6.9,1,0,15,16
1643,笔仙魔咒,0,6.9,1,0,8,9
1644,轩辕剑传奇,0,6.9,1,0,6,7
1645,猪猪侠之终极决战,0,6.9,2,0,7,9
1646,恋爱排班表,0,6.9,1,0,6,7
1647,搏击迷城,0,6.9,1,0,9,10
1648,女神跟我走,0,6.9,1,0,5,6
1649,有我在这里,0,6.9,1,0,5,6
1650,花咒,0,6.9,1,0,8,9
1651,恐怖电影院,0,6.9,1,0,9,10
1652,狙击时刻,0,6.9,1,0,6,7
1653,北回归线,0,6.9,2,0,11,13
1654,超萌英雄,0,6.9,1,0,5,6
1655,聪明的一休之反斗公主,0,6.9,2,0,7,9
1656,201413,0,6.9,2,0,8,10
1657,金箍棒传奇,0,6.9,1,0,6,7
1658,地下室惊魂,0,6.9,1,0,5,6
1659,灰机灰机,0,6.9,1,0,2,3
1660,雨中的树,0,6.9,1,0,12,13
1661,潘多拉的宝剑,0,6.9,1,0,6,7
1662,狂奔蚂蚁,0,6.9,2,0,4,6
1663,惊魂游戏,0,6.9,1,0,7,8
1664,绝录求生,0,6.9,1,0,8,9
1665,湘江北去,0,6.9,1,0,7,8
1666,太阳总在左边,0,6.9,1,0,4,5
1667,老夫子之小水虎传奇,0,6.9,1,0,13,14
1668,初见：停滞的时光,0,6.9,1,0,3,4
1669,虹猫蓝兔火凤凰,0,6.9,3,0,9,12
1670,梦幻诛仙,0,6.9,1,0,5,6
1671,铁人,0,6.9,1,0,4,5
1672,冈拉梅朵,0,6.9,1,0,6,7
1673,两个人的房间,0,6.9,1,0,6,7
1674,江北好人,0,6.9,2,0,4,6
1675,背鸭子的男孩,0,6.9,1,0,3,4
1676,桃花灿烂,0,6.9,1,0,3,4
1677,三十八度,0,6.9,2,0,18,20
1678,国歌,0,6.9,1,0,3,4
1679,好孩子,0,6.9,2,0,5,7
1680,夕照街,0,6.9,1,0,22,23
1681,舞出我人生之舞所不能,0,6.8,1,0,8,9
1682,潜行者,0,6.8,2,0,13,15
1683,春潮,0,6.8,1,0,5,6
1684,海上浮城,0,6.8,1,0,7,8
1685,差等生乔曦,0,6.8,1,0,12,13
1686,兴风作浪,0,6.8,1,0,7,8
1687,四平青年之喋血曼谷,0,6.8,2,0,3,5
1688,恐龙王,0,6.8,1,0,12,13
1689,四大名捕之入梦妖灵,0,6.8,2,0,3,5
1690,星溪的三次奇遇,0,6.8,1,0,3,4
1691,神秘世界历险记4,0,6.8,3,0,9,12
1692,狄仁杰之夺命天眼,0,6.8,1,0,8,9
1693,血十三,0,6.8,1,0,5,6
1694,我是江小白 剧场版,0,6.8,1,0,12,13
1695,钟馗传奇之岁寒三友,0,6.8,1,0,11,12
1696,垫底联盟,0,6.8,1,0,8,9
1697,留夏,0,6.8,1,0,2,3
1698,蝴蝶公墓,0,6.8,1,0,10,11
1699,邹碧华,0,6.8,1,0,7,8
1700,昆塔：反转星球,0,6.8,1,0,11,12
1701,谜证,0,6.8,1,0,14,15
1702,孤岛终结,0,6.8,1,0,8,9
1703,凄灵室,0,6.8,1,0,4,5
1704,老九门番外之恒河杀树,0,6.8,1,0,1,2
1705,减法人生,0,6.8,2,0,12,14
1706,铠甲勇士捕王,0,6.8,1,0,10,11
1707,丢羊,0,6.8,1,0,1,2
1708,最忆是杭州,0,6.8,1,0,2,3
1709,无限斗界之暗夜双龙,0,6.8,2,0,2,4
1710,艾米粒日记,0,6.8,1,0,2,3
1711,筷仙,0,6.8,1,0,9,10
1712,一路向南,0,6.8,1,0,2,3
1713,床下有人3,0,6.8,1,0,5,6
1714,灵魂摆渡2番外篇：不速之客,0,6.8,1,0,6,7
1715,半夜叫你别回头,0,6.8,1,0,7,8
1716,墓穴迷城,0,6.8,1,0,9,10
1717,战火中的芭蕾,0,6.8,2,0,11,13
1718,亲，别怕,0,6.8,2,0,6,8
1719,异种,0,6.8,1,0,8,9
1720,我是歌手：2015巅峰会,0,6.8,1,0,13,14
1721,时光大战,0,6.8,1,0,7,8
1722,斐济99℃爱情,0,6.8,1,0,8,9
1723,毕业那年：分手季,0,6.8,1,0,9,10
1724,真爱,0,6.8,2,0,2,4
1725,欲望保姆,0,6.8,1,0,3,4
1726,缘来是游戏,0,6.8,1,0,8,9
1727,这个大叔不太囧,0,6.8,1,0,5,6
1728,开心超人2：启源星之战,0,6.8,1,0,7,8
1729,破局,0,6.8,1,0,5,6
1730,太空熊猫总动员,0,6.8,1,0,6,7
1731,一号目标,0,6.8,2,0,13,15
1732,求爱嫁期,0,6.8,1,0,10,11
1733,西藏天空,0,6.8,1,0,5,6
1734,我是歌手：双年巅峰会,0,6.8,1,0,11,12
1735,卒迹,0,6.8,1,0,3,4
1736,青春盛宴,0,6.8,1,0,11,12
1737,蝙蝠别墅,0,6.8,1,0,5,6
1738,不肯去观音,0,6.8,1,0,6,7
1739,终极大冒险,0,6.8,1,0,7,8
1740,百万爱情宝贝,0,6.8,1,0,8,9
1741,潜艇总动员3：彩虹宝藏,0,6.8,1,0,8,9
1742,不要迷恋姐,0,6.8,1,0,7,8
1743,雷锋的微笑,0,6.8,1,0,10,11
1744,雷锋在1959,0,6.8,1,0,10,11
1745,八卦宗师,0,6.8,1,0,13,14
1746,神秘世界历险记,0,6.8,1,0,10,11
1747,平壤之约,0,6.8,2,0,12,14
1748,热血街头,0,6.8,1,0,5,6
1749,忠诚与背叛,0,6.8,1,0,28,29
1750,地域无门,0,6.8,1,0,8,9
1751,结婚狂想曲,0,6.8,1,0,6,7
1752,女人如花,0,6.8,1,0,7,8
1753,双截棍,0,6.8,1,0,2,3
1754,微博有鬼 第一季,0,6.8,3,0,3,6
1755,摩尔庄园冰世纪,0,6.8,1,0,8,9
1756,老狗,0,6.8,1,0,3,4
1757,我的雷人男友,0,6.8,1,0,3,4
1758,寻找刘三姐,0,6.8,1,0,5,6
1759,神兵小将,0,6.8,3,0,5,8
1760,童年的收音机,0,6.8,1,0,3,4
1761,车逝,0,6.8,2,0,3,5
1762,滚拉拉的枪,0,6.8,1,0,2,3
1763,请将我遗忘,0,6.8,1,0,5,6
1764,隐形的翅膀,0,6.8,1,0,1,2
1765,泥鳅也是鱼,0,6.8,1,0,3,4
1766,方便面时代,0,6.8,1,0,26,27
1767,鲁迅,0,6.8,1,0,7,8
1768,秋雨,0,6.8,1,0,7,8
1769,首席执行官,0,6.8,1,0,4,5
1770,我们害怕,0,6.8,1,0,4,5
1771,红粉,0,6.8,1,0,11,12
1772,西楚霸王之楚汉爭霸,0,6.8,1,0,4,5
1773,武林志,0,6.8,1,0,15,16
1774,末代皇后,0,6.8,2,0,5,7
1775,人鱼江湖,0,6.7,1,0,4,5
1776,我的宠物是大象,0,6.7,1,0,8,9
1777,50米之恋,0,6.7,1,0,6,7
1778,四大名捕之食人梦界,0,6.7,2,0,3,5
1779,东海龙棺,0,6.7,1,0,2,3
1780,破梦游戏,0,6.7,1,0,11,12
1781,让我怎么相信你,0,6.7,2,0,7,9
1782,远去的牧歌,0,6.7,2,0,3,5
1783,幸福城市,0,6.7,1,0,9,10
1784,美丽,0,6.7,1,0,1,2
1785,兄弟班,0,6.7,1,0,16,17
1786,爹地,0,6.7,2,0,4,6
1787,潜艇总动员：海底两万里,0,6.7,1,0,4,5
1788,香港大营救,0,6.7,1,0,15,16
1789,不良街区,0,6.7,1,0,5,6
1790,大梦西游4伏妖记,0,6.7,1,0,13,14
1791,笔仙大战贞子2,0,6.7,1,0,5,6
1792,识色，幸也,0,6.7,1,0,6,7
1793,怨灵2,0,6.7,1,0,7,8
1794,夜半凶铃,0,6.7,1,0,8,9
1795,漂洋过海来爱你,0,6.7,1,0,7,8
1796,碟仙之毕业照,0,6.7,1,0,7,8
1797,熟悉的陌生人,0,6.7,1,0,4,5
1798,惊魂绣花鞋,0,6.7,1,0,7,8
1799,老九门番外之四屠黄葵,0,6.7,1,0,1,2
1800,老腔,0,6.7,1,0,5,6
1801,我来也,0,6.7,1,0,5,6
1802,笑林足球,0,6.7,1,0,11,12
1803,我是哪吒,0,6.7,1,0,12,13
1804,幽灵医院,0,6.7,1,0,4,5
1805,古曼,0,6.7,1,0,7,8
1806,神秘世界历险记3,0,6.7,1,0,18,19
1807,魔都凶音,0,6.7,1,0,8,9
1808,妖医,0,6.7,1,0,5,6
1809,笔仙诡影,0,6.7,2,0,8,10
1810,谎言大爆炸,0,6.7,1,0,6,7
1811,我的“狐朋狗友”,0,6.7,1,0,4,5
1812,监禁风暴,0,6.7,1,0,2,3
1813,荒村怨灵,0,6.7,1,0,10,11
1814,灵臆事件,0,6.7,1,0,2,3
1815,我爸比我小四岁,0,6.7,1,0,3,4
1816,时间都去哪了,0,6.7,1,0,6,7
1817,美人鱼之海盗来袭,0,6.7,1,0,4,5
1818,金箍棒传奇2：沙僧的逆袭,0,6.7,1,0,4,5
1819,第二次爱你,0,6.7,1,0,15,16
1820,谍·莲花,0,6.7,1,0,10,11
1821,还魂之迷失曼谷,0,6.7,2,0,4,6
1822,诡八楼,0,6.7,1,0,5,6
1823,床上关系2,0,6.7,1,0,3,4
1824,不爱不散,0,6.7,2,0,10,12
1825,青蛙王国,0,6.7,1,0,3,4
1826,我的美丽王国,0,6.7,1,0,10,11
1827,步步追魂,0,6.7,1,0,5,6
1828,冷瞳,0,6.7,2,0,8,10
1829,牛胆神偷,0,6.7,1,0,6,7
1830,冲锋号,0,6.7,1,0,1,2
1831,南泥湾,0,6.7,1,0,3,4
1832,衰鸟向前冲,0,6.7,1,0,3,4
1833,美男记,0,6.7,1,0,6,7
1834,哭笑不得,0,6.7,1,0,3,4
1835,初恋浅规则,0,6.7,1,0,2,3
1836,与妻书,0,6.7,1,0,7,8
1837,一夜成名,0,6.7,1,0,6,7
1838,古宝奇缘,0,6.7,1,0,2,3
1839,追踪章鱼保罗,0,6.7,3,0,11,14
1840,武术之少年行,0,6.7,1,0,8,9
1841,地下的天空,0,6.7,1,0,4,5
1842,蔓延,0,6.7,1,0,4,5
1843,我的法兰西岁月,0,6.7,1,0,7,8
1844,惊蛰,0,6.7,1,0,1,2
1845,哎呀呀，去哺乳,0,6.7,1,0,5,6
1846,惊涛骇浪,0,6.7,1,0,7,8
1847,邓小平,0,6.7,1,0,10,11
1848,庭院里的女人,0,6.7,1,0,3,4
1849,男男女女,0,6.7,1,0,5,6
1850,野山,0,6.7,1,0,6,7
1851,火龙,0,6.7,1,0,4,5
1852,镇魔司：苍龙觉醒,0,6.6,1,0,6,7
1853,你不是一个人,0,6.6,1,0,3,4
1854,北海食神,0,6.6,1,0,5,6
1855,刺杀风云,0,6.6,1,0,10,11
1856,照相师,0,6.6,1,0,11,12
1857,狄仁杰之无头神将,0,6.6,2,0,8,10
1858,一条叫招财的鱼,0,6.6,1,0,8,9
1859,特别追踪,0,6.6,1,0,4,5
1860,那些女人,0,6.6,3,0,30,33
1861,天才J之谜题里的倒计时,0,6.6,1,0,5,6
1862,天下第一镖局,0,6.6,1,0,30,31
1863,纯真年代,0,6.6,1,0,10,11
1864,童年随之而去,0,6.6,1,0,3,4
1865,济公之神龙再现,0,6.6,1,0,8,9
1866,宇宙有爱浪漫同游,0,6.6,1,0,8,9
1867,大雪冬至,0,6.6,1,0,5,6
1868,杀无赦II逃亡之路,0,6.6,1,0,7,8
1869,杀无赦III背水一战,0,6.6,1,0,7,8
1870,爱的帕斯卡,0,6.6,1,0,8,9
1871,娘子军传奇,0,6.6,1,0,5,6
1872,青春逗,0,6.6,1,0,10,11
1873,再见时光,0,6.6,1,0,7,8
1874,领袖1935,0,6.6,2,0,13,15
1875,碟仙诡谭2,0,6.6,1,0,8,9
1876,大梦西游2铁扇公主,0,6.6,1,0,8,9
1877,缞神契约,0,6.6,1,0,7,8
1878,王牌御史猎妖教室,0,6.6,2,0,18,20
1879,聊斋新编之画皮新娘,0,6.6,1,0,11,12
1880,特殊嫌疑犯,0,6.6,1,0,5,6
1881,四渡赤水,0,6.6,1,0,5,6
1882,诡新娘,0,6.6,2,0,18,20
1883,七月半2：前世今生,0,6.6,1,0,11,12
1884,恐怖爱情故事之死亡公路,0,6.6,1,0,10,11
1885,死亡笔记,0,6.6,1,0,3,4
1886,购物女王,0,6.6,1,0,8,9
1887,恐怖照相机,0,6.6,1,0,5,6
1888,阴阳先生之末代天师,0,6.6,1,0,7,8
1889,恭喜发财之谈钱说爱,0,6.6,1,0,17,18
1890,火星归来,0,6.6,1,0,4,5
1891,四平青年3偷天换日,0,6.6,1,0,4,5
1892,狂野飞车,0,6.6,1,0,7,8
1893,悬战,0,6.6,1,0,8,9
1894,死亡之谜,0,6.6,1,0,5,6
1895,岁城璃心-鬼蜮咒原,0,6.6,1,0,1,2
1896,换爱七日,0,6.6,1,0,7,8
1897,魔幻仙踪,0,6.6,2,0,10,12
1898,天上的菊美,0,6.6,1,0,3,4
1899,近距离击杀,0,6.6,1,0,6,7
1900,暴躁天使,0,6.6,1,0,5,6
1901,禁忌游戏之迷藏,0,6.6,1,0,5,6
1902,柠檬,0,6.6,1,0,8,9
1903,无间罪：僵尸重生,0,6.6,1,0,7,8
1904,冰雪11天,0,6.6,2,0,7,9
1905,守株人,0,6.6,1,0,6,7
1906,非常绑匪,0,6.6,1,0,5,6
1907,赛尔号大电影2之雷伊与迈尔斯,0,6.6,2,0,1,3
1908,黑鱼,0,6.6,1,0,6,7
1909,小胖妞前传（上）,0,6.6,1,0,2,3
1910,神马都是浮云,0,6.6,1,0,9,10
1911,面引子,0,6.6,1,0,7,8
1912,水落石出,0,6.6,2,0,2,4
1913,郭明义,0,6.6,2,0,4,6
1914,星海,0,6.6,2,0,4,6
1915,幸存日,0,6.6,1,0,13,14
1916,哥的传说,0,6.6,1,0,5,6
1917,梦回金沙城,0,6.6,1,0,10,11
1918,预审,0,6.6,1,0,5,6
1919,5颗子弹,0,6.6,1,0,3,4
1920,箱子,0,6.6,1,0,4,5
1921,一诺千金,0,6.6,1,0,2,3
1922,浅蓝深蓝,0,6.6,1,0,21,22
1923,牛皮,0,6.6,1,0,3,4
1924,台湾往事,0,6.6,1,0,8,9
1925,外来媳妇本地郎,0,6.6,1,0,10,11
1926,女人的天空,0,6.6,1,0,6,7
1927,狭路英豪,0,6.6,2,0,3,5
1928,邻居,0,6.6,2,0,7,9
1929,伏妖白鱼镇2,0,6.5,1,0,7,8
1930,傀儡姬,0,6.5,1,0,9,10
1931,大路朝天,0,6.5,1,0,8,9
1932,特种兵归来1：血狼之怒,0,6.5,1,0,5,6
1933,狄仁杰之蚩尤血藤,0,6.5,1,0,4,5
1934,心之界限,0,6.5,1,0,6,7
1935,古墓兽影,0,6.5,1,0,8,9
1936,吻隐者,0,6.5,1,0,3,4
1937,吾神,0,6.5,1,0,5,6
1938,了不起的高二八班,0,6.5,1,0,8,9
1939,伊阿索密码,0,6.5,2,0,10,12
1940,监狱犬计划,0,6.5,1,0,7,8
1941,恐怖浴室,0,6.5,1,0,5,6
1942,亲爱的，我要和别人结婚了,0,6.5,1,0,7,8
1943,破门,0,6.5,1,0,11,12
1944,时空偷渡少女,0,6.5,1,0,11,12
1945,狄仁杰之轮回图,0,6.5,2,0,2,4
1946,金珠玛米,0,6.5,1,0,5,6
1947,你在哪,0,6.5,1,0,7,8
1948,星期8,0,6.5,1,0,7,8
1949,毕业旅行笑翻天,0,6.5,3,0,17,20
1950,秦时明月之医者入世,0,6.5,1,0,2,3
1951,借眼,0,6.5,1,0,9,10
1952,异兽来袭,0,6.5,1,0,10,11
1953,超级大山炮之夺宝奇兵,0,6.5,1,0,9,10
1954,窦娥奇冤,0,6.5,1,0,8,9
1955,怨灵宿舍之白纸女生,0,6.5,1,0,8,9
1956,魔游纪1：盘古之心,0,6.5,1,0,7,8
1957,笨鸟,0,6.5,2,0,1,3
1958,我们的青春不怕疼,0,6.5,1,0,16,17
1959,恐怖理发店,0,6.5,1,0,8,9
1960,女娲日记,0,6.5,1,0,5,6
1961,爱上试睡师,0,6.5,1,0,4,5
1962,食人岛,0,6.5,1,0,7,8
1963,大会师,0,6.5,1,0,7,8
1964,遵义会议,0,6.5,3,0,7,10
1965,荒村凶间,0,6.5,1,0,5,6
1966,岛囧,0,6.5,1,0,12,13
1967,站住！别跑！,0,6.5,1,0,10,11
1968,绝战,0,6.5,2,0,11,13
1969,我们毕业啦,0,6.5,2,0,6,8
1970,妄想症,0,6.5,1,0,5,6
1971,青蛙总动员,0,6.5,1,0,7,8
1972,恐怖将映,0,6.5,1,0,18,19
1973,一家老小向前冲,0,6.5,1,0,11,12
1974,红衣男孩,0,6.5,1,0,3,4
1975,摇滚水果,0,6.5,1,0,10,11
1976,中国惊奇先生2015,0,6.5,1,0,3,4
1977,天边的孩子,0,6.5,1,0,8,9
1978,找个高富帅？,0,6.5,1,0,8,9
1979,精武青春,0,6.5,1,0,9,10
1980,卧龙岗,0,6.5,1,0,10,11
1981,欲望爱人,0,6.5,1,0,4,5
1982,我的青春蜜友,0,6.5,1,0,7,8
1983,我们毕业的夏天,0,6.5,1,0,7,8
1984,虐面人之死灵面膜,0,6.5,1,0,7,8
1985,潜艇总动员4：章鱼奇遇记,0,6.5,1,0,13,14
1986,拼时代,0,6.5,1,0,7,8
1987,夜店北京2：女神禁区,0,6.5,1,0,25,26
1988,青春如期,0,6.5,1,0,3,4
1989,致命闪玩,0,6.5,1,0,11,12
1990,石榴树上结樱桃,0,6.5,1,0,4,5
1991,绿林大冒险,0,6.5,1,0,8,9
1992,我在记忆里等你,0,6.5,1,0,3,4
1993,致命替身,0,6.5,1,0,3,4
1994,云之锦,0,6.5,1,0,12,13
1995,画圣,0,6.5,1,0,4,5
1996,生死罗布泊,0,6.5,1,0,8,9
1997,荒岛情未了,0,6.5,1,0,5,6
1998,关于爱情和那些魔鬼,0,6.5,1,0,4,5
1999,为你而来,0,6.5,1,0,4,5
2000,第一大总统,0,6.5,1,0,24,25
2001,不朽,0,6.5,1,0,2,3
2002,岁岁清明,0,6.5,1,0,6,7
2003,大国手之天下无敌,0,6.5,1,0,3,4
2004,透析,0,6.5,1,0,6,7
2005,马兰花,0,6.5,1,0,5,6
2006,鲜花,0,6.5,1,0,3,4
2007,味道男女,0,6.5,2,0,4,6
2008,北京等待,0,6.5,1,0,4,5
2009,温凉珠,0,6.5,1,0,4,5
2010,狂蟒惊魂,0,6.5,1,0,5,6
2011,我的左手,0,6.5,2,0,5,7
2012,结果,0,6.5,1,0,3,4
2013,秘语十七小时,0,6.5,1,0,3,4
2014,鬼迷心窍,0,6.5,1,0,5,6
2015,马戏小子,0,6.5,1,0,4,5
2016,武林圣斗士,0,6.5,1,0,7,8
2017,女子别动队,0,6.5,2,0,5,7
2018,齐天乐,0,6.5,1,0,9,10
2019,邮缘,0,6.5,1,0,5,6
2020,郊区的鸟,0,6.4,1,0,7,8
2021,平原上的夏洛克,0,6.4,1,0,1,2
2022,学区房72小时,0,6.4,1,0,3,4
2023,巧虎大飞船历险记,0,6.4,2,0,6,8
2024,悟空奇遇记,0,6.4,1,0,6,7
2025,齐天大圣之火焰山,0,6.4,1,0,5,6
2026,午夜整容室,0,6.4,1,0,5,6
2027,向阳的日子,0,6.4,1,0,5,6
2028,凌晨四点的重庆,0,6.4,1,0,4,5
2029,信仰者,0,6.4,1,0,8,9
2030,迷失地铁,0,6.4,1,0,5,6
2031,一个人的课堂,0,6.4,1,0,3,4
2032,深宫怨灵,0,6.4,1,0,10,11
2033,超自然事件之坠龙事件,0,6.4,1,0,3,4
2034,小小爸爸,0,6.4,1,0,7,8
2035,诡异酒楼,0,6.4,1,0,10,11
2036,梦回少年时,0,6.4,1,0,2,3
2037,总裁在上1：初见初念,0,6.4,1,0,2,3
2038,灿烂这一刻,0,6.4,1,0,3,4
2039,所爱非人,0,6.4,1,0,2,3
2040,神兽金刚之青龙再现,0,6.4,2,0,5,7
2041,夜魔人,0,6.4,1,0,7,8
2042,夜半哭声,0,6.4,1,0,6,7
2043,刺猬小子之天生我刺,0,6.4,1,0,7,8
2044,党的女儿尹灵芝,0,6.4,1,0,13,14
2045,太空熊猫英雄归来,0,6.4,1,0,5,6
2046,青蛙王国之冰冻大冒险,0,6.4,2,0,4,6
2047,老石,0,6.4,1,0,3,4
2048,果宝特攻之水果大逃亡,0,6.4,1,0,11,12
2049,恶灵之门,0,6.4,1,0,5,6
2050,咕噜咕噜美人鱼,0,6.4,1,0,7,8
2051,德兰,0,6.4,1,0,2,3
2052,兔子镇的火狐狸,0,6.4,1,0,8,9
2053,莫日根,0,6.4,2,0,8,10
2054,人皮拼图,0,6.4,2,0,4,6
2055,洛克王国4：出发！巨人谷,0,6.4,2,0,11,13
2056,红髅,0,6.4,1,0,7,8
2057,拳霸风云,0,6.4,1,0,6,7
2058,约定倒计时,0,6.4,1,0,5,6
2059,超能兔战队,0,6.4,1,0,10,11
2060,公路美人,0,6.4,2,0,8,10
2061,桃花侠大战菊花怪,0,6.4,1,0,6,7
2062,黎明之眼,0,6.4,1,0,8,9
2063,下一站再爱你,0,6.4,1,0,5,6
2064,神秘世界历险记2,0,6.4,1,0,7,8
2065,心咒,0,6.4,1,0,6,7
2066,恋者多喜欢,0,6.4,1,0,5,6
2067,夫妻游戏,0,6.4,1,0,6,7
2068,古剑奇谭2：永夜初晗,0,6.4,1,0,7,8
2069,盗剑72小时,0,6.4,1,0,5,6
2070,夏日示爱,0,6.4,1,0,6,7
2071,高铁英雄,0,6.4,2,0,10,12
2072,别跟我谈高富帅,0,6.4,2,0,9,11
2073,刘老庄八十二壮士,0,6.4,1,0,8,9
2074,勇敢爱之爱情规划局,0,6.4,1,0,2,3
2075,借你俩胆,0,6.4,1,0,5,6
2076,非常营救,0,6.4,2,0,8,10
2077,老魔术师,0,6.4,1,0,4,5
2078,记忆望着我,0,6.4,1,0,3,4
2079,念书的孩子,0,6.4,1,0,3,4
2080,神勇投弹手,0,6.4,1,0,3,4
2081,绝对底线,0,6.4,1,0,4,5
2082,这里，那里,0,6.4,1,0,8,9
2083,假如没有你,0,6.4,1,0,6,7
2084,有人拉屋米,0,6.4,2,0,8,10
2085,幸福59厘米之别闹，改日,0,6.4,2,0,2,4
2086,走路上学,0,6.4,2,0,4,6
2087,逆转流星,0,6.4,1,0,8,9
2088,公园,0,6.4,1,0,4,5
2089,血蝉,0,6.4,1,0,3,4
2090,我的长征,0,6.4,3,0,8,11
2091,西岳奇童,0,6.4,1,0,3,4
2092,任长霞,0,6.4,1,0,4,5
2093,好多大米,0,6.4,1,0,1,2
2094,井盖儿,0,6.4,1,0,3,4
2095,旅程,0,6.4,1,0,2,3
2096,纸飞机,0,6.4,2,0,3,5
2097,空手道少女组,0,6.4,1,0,4,5
2098,当爱情失去记忆,0,6.4,1,0,3,4
2099,初恋的故事,0,6.4,1,0,6,7
2100,燃情狙击手,0,6.4,1,0,7,8
2101,春江水暖,0,6.3,1,0,11,12
2102,318号公路,0,6.3,1,0,4,5
2103,再见 南屏晚钟,0,6.3,1,0,4,5
2104,很高兴遇见·你,0,6.3,1,0,4,5
2105,向天真的女生投降,0,6.3,1,0,11,12
2106,妖狐苏妲己,0,6.3,1,0,20,21
2107,金三角大营救,0,6.3,1,0,4,5
2108,的士诡谈,0,6.3,4,0,5,9
2109,笔仙咒怨,0,6.3,1,0,8,9
2110,冒牌监护人之寻宝闹翻天,0,6.3,1,0,15,16
2111,暴走刑警,0,6.3,1,0,8,9
2112,恐怖电影院2,0,6.3,1,0,10,11
2113,有言在仙,0,6.3,2,0,5,7
2114,怨灵宿舍之人偶老师,0,6.3,1,0,8,9
2115,萤火奇兵,0,6.3,1,0,8,9
2116,失心者,0,6.3,1,0,6,7
2117,枕边有张脸2,0,6.3,1,0,8,9
2118,杀了我,0,6.3,1,0,6,7
2119,白雪公主和三只小猪,0,6.3,1,0,3,4
2120,夏日密语,0,6.3,1,0,2,3
2121,死亡游戏,0,6.3,1,0,9,10
2122,我是歌手：2016双年巅峰会,0,6.3,1,0,12,13
2123,诡娃,0,6.3,1,0,3,4
2124,北京时间,0,6.3,1,0,17,18
2125,雨夜惊魂,0,6.3,1,0,3,4
2126,魔镜奇缘,0,6.3,1,0,9,10
2127,新年来啦之大闹除夕,0,6.3,3,0,9,12
2128,龙骑侠,0,6.3,1,0,5,6
2129,大峰祖师,0,6.3,1,0,6,7
2130,第一眼爱情,0,6.3,1,0,8,9
2131,蝉翼,0,6.3,1,0,6,7
2132,逆袭,0,6.3,1,0,5,6
2133,西柏坡2：英雄王二小,0,6.3,1,0,5,6
2134,我的老婆是只猫,0,6.3,1,0,2,3
2135,越位者,0,6.3,1,0,9,10
2136,异度迷局,0,6.3,1,0,4,5
2137,逐爱之旅,0,6.3,1,0,2,3
2138,湘南起义,0,6.3,2,0,10,12
2139,危城之恋,0,6.3,1,0,3,4
2140,摩尔庄园2海妖宝藏,0,6.3,1,0,8,9
2141,我是中国人,0,6.3,1,0,21,22
2142,浮出水面的影子,0,6.3,1,0,4,5
2143,开心大冒险,0,6.3,1,0,7,8
2144,闺蜜,0,6.3,1,0,4,5
2145,截拳道,0,6.3,2,0,5,7
2146,熊出没注意,0,6.3,1,0,3,4
2147,马文的战争,0,6.3,1,0,4,5
2148,你丫真狠,0,6.3,1,0,4,5
2149,他叫苏格,0,6.3,1,0,2,3
2150,双镖,0,6.3,1,0,2,3
2151,上海公园,0,6.3,1,0,7,8
2152,买买提的2008,0,6.3,1,0,4,5
2153,终极忍者,0,6.3,1,0,3,4
2154,卡车上掉下的小提琴,0,6.3,1,0,3,4
2155,菊花茶,0,6.3,1,0,3,4
2156,走到底,0,6.3,1,0,4,5
2157,黄连.厚朴,0,6.3,1,0,1,2
2158,女帅男兵,0,6.3,1,0,5,6
2159,狂,0,6.3,1,0,5,6
2160,狐仙,0,6.3,1,0,4,5
2161,晚钟,0,6.3,1,0,8,9
2162,书剑恩仇录,0,6.3,1,0,6,7
2163,慕伶，一鸣，伟明,0,6.2,1,0,3,4
2164,马赛克少女,0,6.2,1,0,4,5
2165,半边天,0,6.2,5,0,9,14
2166,暴走狂花,0,6.2,1,0,6,7
2167,大圣伏妖,0,6.2,1,0,6,7
2168,冰封迷案,0,6.2,1,0,9,10
2169,金龟子,0,6.2,1,0,11,12
2170,花悸,0,6.2,1,0,3,4
2171,因为爱情,0,6.2,1,0,5,6
2172,追·踪,0,6.2,1,0,9,10
2173,何日君再来,0,6.2,1,0,4,5
2174,麻辣学院,0,6.2,1,0,6,7
2175,三只小猪2,0,6.2,1,0,8,9
2176,订制男友,0,6.2,1,0,2,3
2177,人鱼校花,0,6.2,2,0,6,8
2178,人鬼交易所,0,6.2,1,0,2,3
2179,聊斋变异,0,6.2,1,0,8,9
2180,越囧,0,6.2,1,0,8,9
2181,不离不弃,0,6.2,1,0,7,8
2182,诡梦凶铃,0,6.2,1,0,5,6
2183,奇葩追梦,0,6.2,1,0,11,12
2184,催命符之劫后重生,0,6.2,1,0,8,9
2185,失眠男女,0,6.2,1,0,8,9
2186,隔壁惊魂,0,6.2,1,0,7,8
2187,致命怪谈,0,6.2,1,0,6,7
2188,索命暹罗之按摩师,0,6.2,1,0,7,8
2189,诡娃娃,0,6.2,1,0,4,5
2190,天降(梅新执导),0,6.2,1,0,2,3
2191,双生灵,0,6.2,1,0,5,6
2192,满洲里来的人,0,6.2,1,0,2,3
2193,我只要我们在一起,0,6.2,1,0,4,5
2194,摩尔庄园3：魔幻列车大冒险,0,6.2,1,0,7,8
2195,37次想你,0,6.2,1,0,7,8
2196,胖虎日记,0,6.2,1,0,3,4
2197,海神密码,0,6.2,2,0,9,11
2198,我是狼之火龙山大冒险,0,6.2,1,0,6,7
2199,早安，冬日海,0,6.2,1,0,3,4
2200,郑和1405：魔海寻踪,0,6.2,2,0,1,3
2201,正骨,0,6.2,1,0,6,7
2202,爱呦，阿斗,0,6.2,1,0,4,5
2203,吴仁宝,0,6.2,1,0,2,3
2204,我的中学时代,0,6.2,1,0,3,4
2205,云上太阳,0,6.2,1,0,4,5
2206,七个隆咚锵咚锵,0,6.2,1,0,5,6
2207,婚礼告急,0,6.2,1,0,4,5
2208,英雄喋血,0,6.2,1,0,8,9
2209,无界之地,0,6.2,1,0,11,12
2210,镜中迷魂,0,6.2,1,0,7,8
2211,大国手之秦淮风月,0,6.2,1,0,3,4
2212,大国手之首席棋待诏,0,6.2,1,0,3,4
2213,镖行天下前传之至尊国宝,0,6.2,2,0,3,5
2214,镖行天下前传之四百里加急,0,6.2,2,0,3,5
2215,青年,0,6.2,1,0,8,9
2216,让我为你靠点谱,0,6.2,1,0,3,4
2217,烽火,0,6.2,1,0,6,7
2218,离别也是爱,0,6.2,1,0,3,4
2219,新忠烈图,0,6.2,1,0,6,7
2220,男人上路,0,6.2,1,0,1,2
2221,喜马拉雅王子,0,6.2,1,0,1,2
2222,离骚II：关于成长的个人陈述,0,6.2,1,0,5,6
2223,婼玛的十七岁,0,6.2,1,0,2,3
2224,女儿谷,0,6.2,1,0,3,4
2225,闪电行动,0,6.2,2,0,13,15
2226,漫游,0,6.1,1,0,6,7
2227,太行,0,6.1,1,0,3,4
2228,宝塔镇河妖之诡墓龙棺,0,6.1,1,0,6,7
2229,一个人的江湖,0,6.1,2,0,5,7
2230,擒贼先擒王,0,6.1,1,0,9,10
2231,烽火逐金,0,6.1,1,0,3,4
2232,梭哈人生,0,6.1,1,0,5,6
2233,守边人,0,6.1,1,0,5,6
2234,恐怖毕业照2,0,6.1,1,0,7,8
2235,无罪之城,0,6.1,1,0,4,5
2236,嘻哈英熊,0,6.1,1,0,5,6
2237,空山异客,0,6.1,1,0,3,4
2238,Hi，高考君,0,6.1,1,0,9,10
2239,盲少爷的小女仆,0,6.1,1,0,2,3
2240,老阿姨,0,6.1,1,0,3,4
2241,假装看不见之电影大师,0,6.1,1,0,9,10
2242,槟榔西施,0,6.1,1,0,5,6
2243,丧尸大战僵尸,0,6.1,1,0,5,6
2244,诡打墙,0,6.1,1,0,7,8
2245,诡劫,0,6.1,1,0,11,12
2246,非你勿扰,0,6.1,1,0,6,7
2247,奥拉星：进击圣殿,0,6.1,1,0,9,10
2248,简单爱,0,6.1,1,0,8,9
2249,校园疯骚史之舞动青春,0,6.1,1,0,5,6
2250,医者童心,0,6.1,1,0,4,5
2251,环城七十里,0,6.1,1,0,4,5
2252,我是你的野蛮女友,0,6.1,1,0,8,9
2253,裸归电影版,0,6.1,1,0,4,5
2254,纯纯欲动,0,6.1,1,0,7,8
2255,毛驴县令之大事小情,0,6.1,2,0,2,4
2256,丑男大翻身,0,6.1,1,0,13,14
2257,有招没招之爱情达人,0,6.1,1,0,6,7
2258,刺客,0,6.1,1,0,9,10
2259,东方中国梦,0,6.1,1,0,11,12
2260,选择爱,0,6.1,1,0,2,3
2261,阳光橱窗,0,6.1,1,0,6,7
2262,走过雪山草地,0,6.1,1,0,5,6
2263,最长的拥抱,0,6.1,2,0,5,7
2264,早餐,0,6.1,1,0,5,6
2265,新月魅影,0,6.1,1,0,8,9
2266,小婷,0,6.1,1,0,4,5
2267,镖行天下前传之库丁之谜,0,6.1,2,0,3,5
2268,廉吏于成龙,0,6.1,1,0,2,3
2269,真功夫之奥运在我家,0,6.1,1,0,5,6
2270,摊开你的地图,0,6.1,1,0,5,6
2271,阿宝的故事,0,6.1,1,0,9,10
2272,龙威父子,0,6.1,2,0,5,7
2273,少年花草黄,0,6.1,1,0,6,7
2274,五魁,0,6.1,1,0,6,7
2275,四十不惑,0,6.1,1,0,3,4
2276,金镖黄天霸,0,6.1,1,0,3,4
2277,侠女十三妹,0,6.1,2,0,4,6
2278,鱼乐园,0,6.0,1,0,3,4
2279,新河东狮吼,0,6.0,1,0,17,18
2280,第四面墙,0,6.0,2,0,2,4
2281,新封神之哪吒闹海,0,6.0,1,0,5,6
2282,守灵,0,6.0,1,0,2,3
2283,齐天大圣之大闹龙宫,0,6.0,1,0,4,5
2284,解剖室灵异事件之男生宿舍,0,6.0,1,0,5,6
2285,男狐聊斋2兰若寺,0,6.0,1,0,4,5
2286,雪·葬,0,6.0,1,0,3,4
2287,上位2,0,6.0,1,0,30,31
2288,惊魂七夜,0,6.0,1,0,5,6
2289,笑嗷喜剧人,0,6.0,2,0,1,3
2290,功夫机器侠之北腿,0,6.0,1,0,2,3
2291,海角有个五店市,0,6.0,1,0,4,5
2292,颜值杂货铺,0,6.0,1,0,9,10
2293,走出尘埃,0,6.0,1,0,2,3
2294,小阴谋大爱情,0,6.0,1,0,6,7
2295,大明锦衣卫,0,6.0,1,0,10,11
2296,韩子高,0,6.0,1,0,4,5
2297,午夜寻访录,0,6.0,1,0,4,5
2298,不良女警,0,6.0,1,0,5,6
2299,爸爸我来救你了,0,6.0,1,0,9,10
2300,遭遇海明威,0,6.0,1,0,9,10
2301,枕边诡影,0,6.0,2,0,8,10
2302,守梦者,0,6.0,1,0,15,16
2303,天亮·分手,0,6.0,1,0,6,7
2304,海岛之恋,0,6.0,1,0,4,5
2305,黑月,0,6.0,1,0,5,6
2306,孤岛,0,6.0,2,0,3,5
2307,永春白鹤拳之擎天画卷,0,6.0,1,0,10,11
2308,黑暗之光,0,6.0,1,0,8,9
2309,落经山,0,6.0,1,0,7,8
2310,艳遇丽江,0,6.0,1,0,3,4
2311,宝贝女儿好妈妈之吃记忆的大雪球,0,6.0,1,0,7,8
2312,双煞,0,6.0,1,0,6,7
2313,37,0,6.0,1,0,3,4
2314,智取威虎山,0,6.0,1,0,1,2
2315,今年一定要嫁出去,0,6.0,1,0,3,4
2316,惊情,0,6.0,1,0,7,8
2317,镖行天下前传之虎口夺镖,0,6.0,2,0,3,5
2318,前妻,0,6.0,1,0,4,5
2319,邓小平1928,0,6.0,1,0,3,4
2320,非常爱情,0,6.0,1,0,3,4
2321,红花绿叶,0,5.9,2,0,5,7
2322,江海渔童之巨龟奇缘,0,5.9,1,0,10,11
2323,七剑下天山之修罗眼,0,5.9,1,0,3,4
2324,片警宝音,0,5.9,1,0,8,9
2325,冷恋时代,0,5.9,1,0,9,10
2326,凌晨两点半,0,5.9,1,0,14,15
2327,疲城,0,5.9,1,0,6,7
2328,我是谁的宝贝,0,5.9,1,0,15,16
2329,五年模拟 三年高考,0,5.9,1,0,7,8
2330,乡关何处,0,5.9,1,0,6,7
2331,浙江卫视“爱在一起”2017演唱会,0,5.9,1,0,24,25
2332,误闯疯人院,0,5.9,2,0,2,4
2333,骇故事之禁锢之屋,0,5.9,1,0,10,11
2334,我的圣途,0,5.9,1,0,5,6
2335,杠上开花,0,5.9,1,0,12,13
2336,看见我和你,0,5.9,1,0,10,11
2337,小戏骨：白毛女,0,5.9,3,0,5,8
2338,渡灵人,0,5.9,1,0,4,5
2339,别开门,0,5.9,1,0,11,12
2340,同城邂逅,0,5.9,2,0,8,10
2341,仙班校园,0,5.9,1,0,12,13
2342,恋爱教父之三个“坏”家伙,0,5.9,1,0,11,12
2343,大变局之梦回甲午,0,5.9,1,0,16,17
2344,三只小猪与神灯,0,5.9,1,0,4,5
2345,我的校花妹妹,0,5.9,1,0,2,3
2346,神通佛影,0,5.9,1,0,7,8
2347,疯狂第一次,0,5.9,2,0,4,6
2348,目击者,0,5.9,1,0,6,7
2349,我故乡的四种死亡方式,0,5.9,1,0,4,5
2350,蓝调海之恋,0,5.9,1,0,10,11
2351,鬼门关,0,5.9,1,0,3,4
2352,梁亮亮和谢小星的简单故事,0,5.9,1,0,2,3
2353,旗鱼,0,5.9,1,0,4,5
2354,目的地，上海,0,5.9,1,0,3,4
2355,陈默和美婷,0,5.9,1,0,2,3
2356,大战千年虫,0,5.9,2,0,8,10
2357,我们的田野,0,5.9,1,0,4,5
2358,星际流浪,0,5.8,1,0,4,5
2359,长风镇,0,5.8,1,0,13,14
2360,宋慈洗冤录,0,5.8,1,0,4,5
2361,武者,0,5.8,1,0,10,11
2362,我要上头条,0,5.8,2,0,14,16
2363,春天的马拉松,0,5.8,1,0,5,6
2364,天渠,0,5.8,1,0,8,9
2365,吉祥,0,5.8,1,0,1,2
2366,开学悸,0,5.8,2,0,5,7
2367,沙海番外之蚌人,0,5.8,1,0,3,4
2368,玲珑井,0,5.8,1,0,6,7
2369,超级大山炮之海岛奇遇,0,5.8,1,0,3,4
2370,逃离现场,0,5.8,1,0,4,5
2371,生化药尸,0,5.8,1,0,7,8
2372,碟仙前传,0,5.8,1,0,7,8
2373,诡眼,0,5.8,1,0,7,8
2374,大唐狄仁杰之东瀛邪术,0,5.8,1,0,7,8
2375,功夫四侠,0,5.8,2,0,2,4
2376,骆驼客2之箭在弦,0,5.8,1,0,3,4
2377,恐怖笔记,0,5.8,1,0,4,5
2378,疯狂丑小鸭,0,5.8,2,0,6,8
2379,谁的青春不热血之深流不息,0,5.8,1,0,7,8
2380,爱的蟹逅,0,5.8,1,0,6,7
2381,阿里巴巴2所罗门封印,0,5.8,1,0,6,7
2382,东北花泽类之起幺蛾子,0,5.8,1,0,2,3
2383,僵尸王爷,0,5.8,1,0,7,8
2384,白雪公主之神秘爸爸,0,5.8,1,0,10,11
2385,潜艇总动员5：时光宝盒,0,5.8,1,0,6,7
2386,我们是冠军,0,5.8,1,0,2,3
2387,时间门,0,5.8,1,0,4,5
2388,致敬青春,0,5.8,1,0,5,6
2389,城市映像-青岛篇《人人都爱李小曼》,0,5.8,1,0,3,4
2390,城市映像-西安篇《神医》,0,5.8,1,0,3,4
2391,那些一见钟情的事,0,5.8,1,0,7,8
2392,镖行天下前传之编外人选,0,5.8,2,0,3,5
2393,淘气包马小跳,0,5.8,1,0,5,6
2394,定军山,0,5.8,1,0,10,11
2395,芒种,0,5.8,1,0,4,5
2396,姐姐词典,0,5.8,1,0,3,4
2397,大汉风之鸿门宴,0,5.8,2,0,7,9
2398,梅雨季节,0,5.8,1,0,2,3
2399,记忆折叠,0,5.7,3,0,6,9
2400,花事·如期,0,5.7,1,0,3,4
2401,白夜侠,0,5.7,1,0,2,3
2402,坏爸爸,0,5.7,1,0,6,7
2403,七月半3：灵触第七感,0,5.7,1,0,8,9
2404,荒野加油站,0,5.7,1,0,5,6
2405,大梦西游3女儿国奇遇记,0,5.7,2,0,8,10
2406,扫黄,0,5.7,1,0,8,9
2407,撞邪31号,0,5.7,1,0,5,6
2408,午夜惊魂路,0,5.7,1,0,8,9
2409,血伞凶灵,0,5.7,1,0,5,6
2410,我的蛇精女友,0,5.7,1,0,4,5
2411,骇故事之女舍惊魂,0,5.7,1,0,13,14
2412,不死之身,0,5.7,1,0,3,4
2413,练胆儿,0,5.7,2,0,7,9
2414,小戏骨：补锅,0,5.7,8,0,3,11
2415,西游记之锁妖封魔塔,0,5.7,1,0,12,13
2416,青春喂了狗,0,5.7,1,0,8,9
2417,生化危机战,0,5.7,1,0,1,2
2418,爱情魔发师,0,5.7,1,0,7,8
2419,爱情狂想曲,0,5.7,1,0,7,8
2420,青春.com,0,5.7,1,0,7,8
2421,毛驴县令之棒子老虎鸡,0,5.7,2,0,5,7
2422,毛驴县令之歪打正着,0,5.7,2,0,4,6
2423,新地雷战：神勇小子,0,5.7,2,0,9,11
2424,爱拼北京,0,5.7,1,0,6,7
2425,城市映像-丽江篇《夜曳》,0,5.7,1,0,3,4
2426,西柏坡,0,5.7,3,0,3,6
2427,大震撼,0,5.7,1,0,7,8
2428,炫舞天鹅,0,5.7,1,0,6,7
2429,快枪手,0,5.7,1,0,6,7
2430,天堂凹,0,5.7,1,0,4,5
2431,爱的是你,0,5.7,1,0,4,5
2432,超导,0,5.7,1,0,10,11
2433,香香公主,0,5.7,1,0,4,5
2434,霍元甲之精武天下,0,5.6,1,0,5,6
2435,沿海出发,0,5.6,1,0,9,10
2436,盲侠,0,5.6,1,0,1,2
2437,夺命剑之风云再起,0,5.6,1,0,5,6
2438,疯魔鲁智深,0,5.6,1,0,6,7
2439,超级APP,0,5.6,1,0,8,9
2440,忍者传说之高校争霸,0,5.6,1,0,7,8
2441,杀手离沫,0,5.6,1,0,4,5
2442,白云桥,0,5.6,1,0,5,6
2443,少女龙婆,0,5.6,1,0,6,7
2444,野长城,0,5.6,1,0,2,3
2445,鬼瞳警探,0,5.6,1,0,10,11
2446,大火种,0,5.6,1,0,7,8
2447,马小乐之玩具也疯狂,0,5.6,1,0,6,7
2448,丧尸屠城,0,5.6,1,0,5,6
2449,囧贼,0,5.6,1,0,4,5
2450,天眼传奇,0,5.6,2,0,9,11
2451,我是大熊猫之熊猫大侠,0,5.6,2,0,7,9
2452,贴着你心跳,0,5.6,1,0,5,6
2453,阿里巴巴大盗奇兵,0,5.6,1,0,11,12
2454,兔侠之青黎传说,0,5.6,2,0,12,14
2455,崩毁,0,5.6,1,0,3,4
2456,另一种温暖,0,5.6,1,0,7,8
2457,夏至未至,0,5.6,1,0,2,3
2458,大碗茶,0,5.6,1,0,3,4
2459,月色狰狞,0,5.6,1,0,4,5
2460,城市映像-广州篇《微软》,0,5.6,1,0,1,2
2461,极速先锋,0,5.6,1,0,9,10
2462,杨雄与石秀,0,5.6,1,0,4,5
2463,老那,0,5.6,1,0,1,2
2464,如果遇见,0,5.6,1,0,4,5
2465,万家灯火,0,5.6,1,0,10,11
2466,金碧辉煌,0,5.6,1,0,2,3
2467,风雪狼道,0,5.6,1,0,5,6
2468,母亲快乐,0,5.6,1,0,3,4
2469,超级大国民,0,5.6,1,0,3,4
2470,秋收起义,0,5.6,1,0,5,6
2471,洗罪,0,5.5,1,0,5,6
2472,狂怒的金佛,0,5.5,1,0,7,8
2473,决战异世界,0,5.5,1,0,12,13
2474,将军在上之时空恋人,0,5.5,1,0,2,3
2475,伊犁河谷,0,5.5,1,0,4,5
2476,宽恕,0,5.5,1,0,4,5
2477,秋野春潮,0,5.5,1,0,4,5
2478,怨灵地下室,0,5.5,1,0,10,11
2479,爱上处女座,0,5.5,1,0,9,10
2480,丑小鸭历险记,0,5.5,1,0,11,12
2481,终极胜利,0,5.5,2,0,29,31
2482,糖果世界大冒险,0,5.5,1,0,5,6
2483,整形师·脸,0,5.5,1,0,5,6
2484,江苏卫视2016跨年演唱会,0,5.5,1,0,28,29
2485,原罪少女,0,5.5,1,0,3,4
2486,澳囧,0,5.5,1,0,5,6
2487,小西天狄道传奇,0,5.5,1,0,9,10
2488,钢管侠,0,5.5,1,0,2,3
2489,章鱼哥,0,5.5,1,0,3,4
2490,青春荷尔蒙2躁动时代,0,5.5,1,0,11,12
2491,停留,0,5.5,1,0,2,3
2492,城市映像-北京篇《旁边的陌生人》,0,5.5,1,0,2,3
2493,变身契约,0,5.5,1,0,5,6
2494,信天游,0,5.5,1,0,9,10
2495,兄弟,0,5.5,1,0,5,6
2496,安居,0,5.5,1,0,4,5
2497,半镜,0,5.4,1,0,6,7
2498,空气侠,0,5.4,2,0,1,3
2499,金城档案,0,5.4,1,0,4,5
2500,诡井,0,5.4,1,0,6,7
2501,战刀屠狼,0,5.4,1,0,6,7
2502,骇故事之招魂,0,5.4,1,0,1,2
2503,丝路英雄·云镝,0,5.4,4,0,8,12
2504,僵尸归来3：风吹头弯,0,5.4,1,0,4,5
2505,梦幻佳期,0,5.4,2,0,14,16
2506,纯真年代,0,5.4,1,0,10,11
2507,如果爱能设计,0,5.4,1,0,14,15
2508,毛驴县令之酸儿辣女,0,5.4,2,0,2,4
2509,幸福快递,0,5.4,1,0,6,7
2510,三角地,0,5.4,1,0,5,6
2511,战地情天,0,5.4,1,0,2,3
2512,星星的孩子,0,5.4,1,0,3,4
2513,爱在廊桥,0,5.4,1,0,5,6
2514,荷尔德林的陶,0,5.4,1,0,3,4
2515,一个人的皮影戏,0,5.4,1,0,2,3
2516,琴动我心,0,5.4,1,0,3,4
2517,玩命魔术,0,5.4,1,0,5,6
2518,斗鸡人,0,5.4,1,0,2,3
2519,小题大做,0,5.4,1,0,9,10
2520,寻找那达慕,0,5.4,1,0,2,3
2521,锦衣之下之绣春刀,0,5.3,1,0,7,8
2522,黑蝴蝶,0,5.3,1,0,8,9
2523,冬去春又来,0,5.3,1,0,2,3
2524,玩命,0,5.3,1,0,6,7
2525,云水,0,5.3,1,0,7,8
2526,大明锦衣卫2,0,5.3,1,0,3,4
2527,蜜月计划,0,5.3,1,0,5,6
2528,20:16:00,0,5.3,1,0,4,5
2529,江湖水,0,5.3,1,0,3,4
2530,狼兵吼,0,5.3,1,0,14,15
2531,小戏骨：三笑寻亲记,0,5.3,1,0,13,14
2532,艳遇也疯狂,0,5.3,1,0,5,6
2533,极地大反攻,0,5.3,1,0,3,4
2534,爱的未知数,0,5.3,1,0,4,5
2535,等你追我,0,5.3,2,0,7,9
2536,寝室,0,5.3,1,0,4,5
2537,房间里的舞蹈,0,5.3,1,0,15,16
2538,麋鹿王,0,5.3,1,0,2,3
2539,陶器人形,0,5.3,1,0,3,4
2540,神秘谷,0,5.3,1,0,2,3
2541,真假森林王,0,5.2,1,0,5,6
2542,塬上,0,5.2,1,0,5,6
2543,惊悚小说,0,5.2,1,0,1,2
2544,魔游纪2：异乡奇遇,0,5.2,1,0,9,10
2545,五女闹京城,0,5.2,1,0,6,7
2546,端午金曲捞,0,5.2,1,0,3,4
2547,喜禾,0,5.2,1,0,3,4
2548,笨贼别跑,0,5.2,1,0,5,6
2549,因为谷桂花,0,5.2,1,0,4,5
2550,无敌小飞猪,0,5.2,1,0,11,12
2551,闯堂兔2疯狂马戏团,0,5.2,1,0,6,7
2552,与贼同屋,0,5.2,1,0,5,6
2553,舍身技,0,5.2,1,0,5,6
2554,失恋33年,0,5.2,1,0,5,6
2555,恐龙宝贝,0,5.2,2,0,9,11
2556,黑白照片,0,5.2,1,0,2,3
2557,再生缘,0,5.2,1,0,5,6
2558,横竖横,0,5.2,1,0,6,7
2559,阴阳诀之祭情,0,5.1,1,0,5,6
2560,时空终点,0,5.1,1,0,4,5
2561,剑网3番外之四海流云,0,5.1,1,0,5,6
2562,击战,0,5.1,1,0,10,11
2563,爸爸的木房子,0,5.1,1,0,4,5
2564,山那边有匹马,0,5.1,1,0,2,3
2565,再见美人鱼,0,5.1,1,0,8,9
2566,隔窗有眼,0,5.1,1,0,3,4
2567,今天明天,0,5.1,1,0,4,5
2568,风晴雪回忆录,0,5.1,1,0,4,5
2569,圣龙奇兵大冒险,0,5.1,3,0,6,9
2570,父亲,0,5.1,1,0,3,4
2571,我的少女时代,0,5.1,1,0,8,9
2572,虎王归来,0,5.1,1,0,3,4
2573,铁流1949,0,5.1,1,0,5,6
2574,谁主沉浮,0,5.1,1,0,14,15
2575,好猫,0,5.1,1,0,3,4
2576,十七,0,5.1,1,0,4,5
2577,冯志远,0,5.1,2,0,2,4
2578,夜·明,0,5.1,1,0,3,4
2579,张保仔,0,5.1,1,0,9,10
2580,离秋,0,5.0,1,0,4,5
2581,封魔纪之土行孙传,0,5.0,1,0,4,5
2582,疯狂这一年,0,5.0,1,0,13,14
2583,失恋399年,0,5.0,1,0,12,13
2584,那一晚，我知道你做了什么,0,5.0,1,0,6,7
2585,骇故事之恐怖殡仪馆,0,5.0,1,0,11,12
2586,血战铜锣湾,0,5.0,2,0,12,14
2587,情趣体验师,0,5.0,2,0,5,7
2588,爱你不等来生,0,5.0,1,0,8,9
2589,女子分手专家,0,5.0,1,0,1,2
2590,完美超越,0,5.0,1,0,7,8
2591,遍地黄金,0,5.0,1,0,2,3
2592,温哥华酱油乐队,0,5.0,1,0,4,5
2593,老家新家,0,5.0,1,0,6,7
2594,开水要烫，姑娘要壮,0,5.0,1,0,1,2
2595,封魔纪之杨戬传,0,4.9,1,0,6,7
2596,二麻租媳妇,0,4.9,1,0,6,7
2597,芒刺,0,4.9,1,0,6,7
2598,西河口秘闻之无头新娘,0,4.9,1,0,2,3
2599,魔游纪3：天都暗潮,0,4.9,1,0,4,5
2600,玩命剧组,0,4.9,1,0,7,8
2601,混蛋夜,0,4.9,1,0,3,4
2602,股神,0,4.9,1,0,13,14
2603,圣诞大赢家,0,4.9,1,0,6,7
2604,奔跑吧有情人,0,4.9,2,0,5,7
2605,爸爸的晚餐,0,4.9,1,0,1,2
2606,安大略合约,0,4.9,2,0,1,3
2607,兰亭,0,4.9,1,0,11,12
2608,春暖花开,0,4.9,1,0,4,5
2609,死亡迷局,0,4.9,1,0,3,4
2610,大劫难,0,4.9,1,0,3,4
2611,神秘日,0,4.9,1,0,2,3
2612,紫禁秘录,0,4.8,1,0,3,4
2613,武林孤儿,0,4.8,1,0,5,6
2614,画皮师,0,4.8,1,0,6,7
2615,将军在上之极乐净土,0,4.8,1,0,3,4
2616,谜域之噬魂岭,0,4.8,1,0,10,11
2617,戒色师,0,4.8,1,0,5,6
2618,三缺一,0,4.8,1,0,4,5
2619,中华料理师,0,4.8,1,0,4,5
2620,百家拳之关门弟子,0,4.8,1,0,3,4
2621,生死96小时,0,4.8,1,0,2,3
2622,一条叫王子的狗,0,4.8,1,0,7,8
2623,邓小平登黄山,0,4.8,1,0,30,31
2624,我的同学不是人,0,4.8,1,0,8,9
2625,哑孩儿,0,4.8,1,0,9,10
2626,伞头和他的女人,0,4.8,1,0,3,4
2627,低俗青春,0,4.8,1,0,2,3
2628,毛驴县令之母鸡打鸣,0,4.8,2,0,3,5
2629,下半场,0,4.8,1,0,4,5
2630,大兵金宝历险记,0,4.8,2,0,9,11
2631,消失的村庄,0,4.8,1,0,3,4
2632,澳门1949,0,4.8,1,0,7,8
2633,豫菜皇后,0,4.8,1,0,3,4
2634,季风中的马,0,4.8,1,0,2,3
2635,阿桃,0,4.8,1,0,11,12
2636,张三丰之末世凶兵,0,4.7,2,0,6,8
2637,杜丽娘,0,4.7,2,0,4,6
2638,无效申请,0,4.7,1,0,4,5
2639,血战铜锣湾2,0,4.7,1,0,5,6
2640,蚀之春风桃李,0,4.7,2,0,5,7
2641,分手，不分手,0,4.7,1,0,7,8
2642,少年岳飞传奇,0,4.7,1,0,5,6
2643,情遇成都,0,4.7,2,0,2,4
2644,永生羊,0,4.7,1,0,6,7
2645,雪花那个飘,0,4.7,1,0,3,4
2646,100个,0,4.7,1,0,4,5
2647,小戏骨：西游记之红孩儿,0,4.6,4,0,9,13
2648,当我成为你,0,4.6,1,0,3,4
2649,禁忌关系,0,4.6,1,0,4,5
2650,幸福很囧,0,4.6,1,0,9,10
2651,东莞女孩,0,4.6,2,0,7,9
2652,黑瞳,0,4.6,1,0,3,4
2653,菜鸟,0,4.6,1,0,8,9
2654,三人床,0,4.6,1,0,5,6
2655,都市童话,0,4.6,1,0,5,6
2656,我是大熊猫,0,4.6,2,0,3,5
2657,黑梦,0,4.6,1,0,5,6
2658,益西卓玛,0,4.6,1,0,6,7
2659,日光峡谷,0,4.6,1,0,3,4
2660,造梦师,0,4.5,1,0,6,7
2661,隐隐惊马槽之决战女僵尸,0,4.5,1,0,4,5
2662,新聊斋之僵尸新娘,0,4.5,1,0,5,6
2663,龙棺古墓,0,4.5,1,0,6,7
2664,恋恋有声,0,4.5,1,0,4,5
2665,天师归来,0,4.5,1,0,1,2
2666,我的同桌是极品,0,4.5,1,0,2,3
2667,勿忘初心,0,4.5,1,0,5,6
2668,水果宝贝之水果总动员,0,4.5,3,0,12,15
2669,房事百科,0,4.5,1,0,4,5
2670,家有虎妻,0,4.5,1,0,7,8
2671,街舞小子,0,4.5,1,0,10,11
2672,甘南情歌,0,4.5,1,0,4,5
2673,把乐带回家2012,0,4.5,1,0,5,6
2674,另类村姑,0,4.5,1,0,5,6
2675,诱杀,0,4.5,1,0,3,4
2676,天使不寂寞,0,4.5,1,0,3,4
2677,秋田,0,4.4,1,0,7,8
2678,我来过,0,4.4,1,0,7,8
2679,一路绽放,0,4.4,1,0,12,13
2680,我是医生,0,4.4,1,0,4,5
2681,318女生宿舍,0,4.4,1,0,5,6
2682,绝命循环,0,4.4,3,0,4,7
2683,仙侠学院,0,4.4,2,0,4,6
2684,深海X异种,0,4.4,1,0,3,4
2685,泡妞秘籍,0,4.4,1,0,5,6
2686,我的处女地,0,4.4,1,0,4,5
2687,美丽笨女人,0,4.4,1,0,5,6
2688,辛巴达历险记2,0,4.4,1,0,5,6
2689,莫麟传奇,0,4.4,1,0,13,14
2690,结婚前奏曲,0,4.4,1,0,3,4
2691,霹雳神鹰,0,4.4,1,0,5,6
2692,夜走鬼城,0,4.4,1,0,2,3
2693,法兹,0,4.3,1,0,3,4
2694,之子于归,0,4.3,1,0,3,4
2695,狂战,0,4.3,1,0,6,7
2696,甩尾王,0,4.3,1,0,5,6
2697,有迹可循,0,4.3,1,0,5,6
2698,充气女友进化论,0,4.3,1,0,3,4
2699,新木偶奇遇记,0,4.3,1,0,5,6
2700,热干面的味道,0,4.3,1,0,5,6
2701,巡回法官,0,4.3,1,0,9,10
2702,绝代-末代女土司,0,4.3,2,0,7,9
2703,河流和我的父亲,0,4.3,1,0,2,3
2704,黄河喜事,0,4.3,1,0,4,5
2705,边检站,0,4.3,1,0,6,7
2706,谈谈心恋恋爱,0,4.3,2,0,9,11
2707,好大一对羊,0,4.3,1,0,2,3
2708,请勿靠近,0,4.2,1,0,6,7
2709,伪装大师2：完美骗局,0,4.2,1,0,7,8
2710,浴缸神探,0,4.2,1,0,4,5
2711,大内密探王二狗,0,4.2,1,0,9,10
2712,武僧传奇之决战程子沟,0,4.2,1,0,5,6
2713,水印街,0,4.2,1,0,2,3
2714,西游新传,0,4.2,1,0,3,4
2715,真水无香,0,4.2,1,0,1,2
2716,联手警探,0,4.2,1,0,5,6
2717,御宠娇妃,0,4.1,1,0,20,21
2718,S的秘密,0,4.1,1,0,5,6
2719,爱在星空下,0,4.1,1,0,9,10
2720,赶尸人之摄魂铃,0,4.1,1,0,4,5
2721,顺风车,0,4.1,2,0,15,17
2722,情笛之爱,0,4.1,1,0,8,9
2723,血彩,0,4.1,1,0,5,6
2724,一个温州的女人,0,4.1,1,0,6,7
2725,80后的独立宣言,0,4.1,1,0,12,13
2726,宗师卜六,0,4.1,1,0,3,4
2727,说说美丽世界,0,4.1,1,0,5,6
2728,明日天涯,0,4.1,1,0,4,5
2729,嗨，弗兰克,0,4.1,1,0,3,4
2730,儿子,0,4.1,1,0,4,5
2731,惊门,0,4.0,1,0,5,6
2732,猎灵师,0,4.0,1,0,2,3
2733,小魔仙之黑魔法来袭,0,4.0,1,0,3,4
2734,男神抱抱,0,4.0,1,0,6,7
2735,钢铁，是这样炼成的,0,4.0,1,0,6,7
2736,父子TCK,0,4.0,1,0,4,5
2737,黑暗中的救赎,0,4.0,1,0,5,6
2738,大太阳,0,4.0,1,0,8,9
2739,睡不着,0,4.0,2,0,6,8
2740,怒海威龙,0,4.0,2,0,3,5
2741,彪哥闯奉天之做梦没想到,0,3.9,1,0,10,11
2742,一家两口,0,3.9,1,0,3,4
2743,天真人类,0,3.9,1,0,3,4
2744,蹴鞠,0,3.9,1,0,5,6
2745,海滩救援队之食人海怪,0,3.9,1,0,5,6
2746,青春时光,0,3.9,1,0,12,13
2747,风云1927,0,3.9,1,0,17,18
2748,欲望北京之地上地下,0,3.9,1,0,4,5
2749,门巴将军,0,3.9,1,0,5,6
2750,复兴之路,0,3.9,1,0,6,7
2751,大风水师,0,3.8,1,0,5,6
2752,道士出山3：外星古墓（下）,0,3.8,1,0,4,5
2753,链·爱,0,3.8,1,0,4,5
2754,南平红荔,0,3.8,1,0,17,18
2755,刺水,0,3.8,1,0,3,4
2756,开心哆来咪,0,3.8,1,0,4,5
2757,井,0,3.8,1,0,3,4
2758,童话先生,0,3.7,1,0,9,10
2759,不可言说之手机的秘密,0,3.7,1,0,9,10
2760,藏羚王之雪域精灵,0,3.7,1,0,4,5
2761,零点杀机,0,3.7,1,0,6,7
2762,我很帅,0,3.6,2,0,27,29
2763,12.21,0,3.6,1,0,2,3
2764,失控,0,3.6,1,0,16,17
2765,废柴英雄联盟,0,3.5,2,0,1,3
2766,花开与你的半夏,0,3.5,1,0,8,9
2767,艾草仙姑,0,3.5,1,0,4,5
2768,缘来是咱俩,0,3.5,1,0,6,7
2769,尼玛的夏天,0,3.5,1,0,1,2
2770,天尽头,0,3.5,1,0,12,13
2771,丧尸屠城2,0,3.4,1,0,3,4
2772,许海峰的枪,0,3.4,1,0,6,7
2773,乌鲁木齐的天空,0,3.4,1,0,2,3
2774,中华警花,0,3.4,2,0,13,15
2775,天籁梦想,0,3.3,1,0,6,7
2776,姐姐好饿剧场版之御厨大作战,0,3.3,2,0,5,7
2777,青涩日记,0,3.3,1,0,10,11
2778,不能错过,0,3.3,2,0,7,9
2779,燃烧的港湾,0,3.3,1,0,19,20
2780,包小姐的包,0,3.2,1,0,2,3
2781,八棺索财,0,3.2,1,0,3,4
2782,毛丰美,0,3.2,1,0,2,3
2783,微博直播杀人事件,0,3.2,1,0,1,2
2784,梦幻岛,0,3.2,1,0,6,7
2785,九龙佩,0,3.2,1,0,3,4
2786,@互联网人,0,3.1,2,0,5,7
2787,暴走妈妈,0,3.1,1,0,2,3
2788,远离,0,3.1,1,0,1,2
2789,反诈风暴之不可饶恕,0,3.0,1,0,3,4
2790,别离,0,3.0,1,0,2,3
2791,我的女神女汉子,0,3.0,2,0,7,9
2792,半音,0,3.0,1,0,4,5
2793,微信之艳遇,0,3.0,1,0,9,10
2794,猜心之人心可畏,0,3.0,1,0,10,11
2795,爱爱囧事2,0,2.9,1,0,10,11
2796,分手木马计,0,2.9,1,0,4,5
2797,太阳脸,0,2.9,1,0,8,9
2798,铸剑,0,2.9,1,0,10,11
2799,疯狂的玫瑰,0,2.9,1,0,3,4
2800,魔游纪5：宿命之争,0,2.8,1,0,10,11
2801,T台魔王,0,2.8,1,0,7,8
2802,我和我的伙伴,0,2.8,1,0,2,3
2803,布基兰,0,2.7,1,0,7,8
2804,欢·爱,0,2.6,1,0,4,5
2805,玩命时光,0,2.6,1,0,6,7
2806,翩翩起舞的姑娘,0,2.5,1,0,5,6
2807,女法医手记之来访者,0,2.3,1,0,5,6
2808,红楼梦,0,2.3,1,0,3,4
2809,一只花奶牛,0,2.3,1,0,3,4
2810,新十字街头,0,2.2,1,0,8,9
2811,银河补习班,0,6.2,2,0,8,10
2812,爵迹2:冷血狂宴,0,3.8,1,0,9,10
2813,你好！李焕英,0,7.7,1,0,17,18
2814,热辣滚烫,0,7.8,1,0,15,16
2815,我只活一次,0,8.5,2,0,7,9
2816,神探,0,8.5,2,0,12,14
2817,枪火,0,8.8,1,0,9,10
2818,暗战,0,8.6,1,0,18,19
2819,黑社会,0,8.5,1,0,31,32
2820,黑社会2：以和为贵,0,8.4,1,0,31,32
2821,放·逐,0,8.3,1,0,13,14
